SMILES,SMILES_state,NLL
CC1CC(N)CC(c2ccncc2NC(=O)c2cccc(Cl)c2)C1,1,21.58
N#CC(=Cc1ccc(N2C(=O)C=CC2=O)cc1)C(=O)O,1,25.87
CCCCN=c1[nH]c(CCO)nc(=Nc2ccc(C(C)=O)cc2)[nH]1,1,32.43
O=c1ccc(-c2cnc(-n3[nH]c(C(F)(F)F)cc3=O)s2)nn1-c1cccc(Cl)c1,1,37.86
Cc1ccc(C(=O)OCC2(CO)CC(=Cc3ccccc3)C(=O)O2)cc1,1,19.1
CCOc1cnc(N2CCC(NCc3ccc(Cl)cc3)CC2)c(C)c1,1,27.79
COc1ccc(-c2ccc(C(C)=CCn3cncn3)cc2)cc1OC1CCOCC1,1,34.49
O=c1[nH]c2ccc(Cl)cc2c(=O)n1CCN1CCC2c3ccccc3C(c3ccccn3)C2C1,1,31.64
Nc1c(N=Cc2ccccc2)sc2nc3c(cc12)CCCC3,1,24.32
OC1(C2CCCCN2)Cc2cccc3cccc1c23,1,22.99
CC(C)NNC(=O)c1c(C(C)C)n(CCC2CCCO2)c2ccc(OCCN(C)C)cc12,1,38.98
O=S(=O)(CCCO)c1ccc(Br)cc1,1,22.95
C(=Cc1ccccn1)c1ccccc1,1,17.33
CC12CCC(=O)CC1=CCC1C2CCC2(C)C(C(=O)Nc3cccc(F)c3F)CCC12,1,30.7
COc1ccc(Cl)c(N=c2nc(-c3ccccc3)[nH]c3c2CCNCC3)c1,1,27.84
CCN1CCc2ccc(N=c3[nH]c(C)ccc3-c3cccnc3)cc2CC1,1,32.37
CCN1CCN(c2cc3c(cc2F)c(=O)c(C(=O)O)cn3CC)CC1,1,17.84
CCC(C)c1ccccc1Oc1ncccn1,1,22.79
Cn1cc(-c2cc(C(N)=O)nc(-c3cnc4ccccc4c3)c2)ccc1=N,1,33.62
CC(C)n1cnc2c(=NC3CCCC3)[nH]c(Cl)nc21,1,21.35
N=C(Nc1cccnc1)SC(=N)c1ccc(Cl)cc1,1,24.03
O=C(NC1(c2ccc(Cl)cc2)CCC1)c1nc(N2CCCC2)cc2ccccc12,1,35.53
COC(=O)C(=NC(=O)CCCC(=O)C=CC(=O)O)c1ccccc1O,1,38.15
Cc1nc2ccccc2n1CC(=O)c1ccc(Cl)cc1,1,19.21
O=C(C[n+]1cccc(F)c1)c1ccccc1,1,20.45
CCc1ccc(-c2ccc(C(=O)NCC(=O)NCc3ccccn3)cc2)cc1,1,23.5
OC(c1cnco1)C1Cc2cc3ccccc3cc2C1,1,35.37
O=C(c1c(O)n(Cc2ccccc2)c2ccccc12)N1CCc2ccccc2C1,1,25.77
COc1ccc(C(C(N)=O)N2CCN(c3ccc(NC(=O)c4ccccc4Cl)cc3Cl)CC2)cc1,1,34.68
Cc1cccc(C2CC(c3ccc(Cl)cc3)CN3CNCC23)n1,1,33.83
CCC1Cc2c(C)nc3c(C(F)(F)F)cnn3c2N1c1cc(Cl)ccc1C,1,30.8
CCN(CC)C1CCC2(CC1)C[S+]([O-])c1ccccc12,1,27.53
CCCCCn1c(-c2ccccc2)c(C(=O)c2ccc(Cl)cc2)c2ccccc21,1,23.72
CC(=O)OCC1OC(C(C)OC(=O)C=CC(=O)OC2CCC3(C)C(OC(C)=O)C(OC(C)=O)CC(C3OC(C)=O)C2(C)C)C(OC(C)=O)C(OC(C)=O)C1OC(C)=O,1,53.36
O=C(CN1CCOCC1)NCc1ccco1,1,20.61
Cc1cc(CCNS(=O)(=O)c2ccc(N)cc2)no1,1,25.34
CC(C(c1ccccc1)n1ccc2cc(C=CC(O)=NO)ccc21)N1CCN(C)CC1,1,32.75
Cc1nc(C2CCCCN2C(=O)C2CCCCN2C(=O)C2CCC2)no1,1,30.97
CC(C)N=c1[nH]c(-c2ccc(NCCN3CCN(C)CC3)cc2)cc2ncn(C)c(=O)c12,1,25.13
CCCCCC(=O)Oc1ccc(C2=NCCO2)cc1,1,24.98
CCN1CCN(C(=O)c2cc3c(-c4cccc(F)c4)nn(C)c3s2)CC1,1,23.96
O=c1c2ccccc2[nH]c(=NN=Cc2ccc(Cl)cc2)n1O,1,20.71
CC(CN1C(=O)OC2CC3(CCCC3)CC21)N1CCC([N+](=O)[O-])C1,1,39.69
CN(Cc1ccccc1)C(=O)C1CC(CC(=O)O)CN(Cc2ccc(Oc3cccc4c(=O)[nH]ncc34)cc2)C1=O,1,46.39
CCCCCCCCCCNCC1CC(OC2(C(=O)O)OC(COC(=O)N3CCC(CCN)C3)SCC2N)CN1,1,50.15
CN=c1nc(OCCCN(C)C)[nH]c2[nH]c(Cc3ccc(C)cc3)nc12,1,34.22
O=C(c1cc(C(F)(F)F)cc(C(F)(F)F)c1)N1CC2CC(C1)N(C1CCCCC1)C2,1,26.02
CCN(CC)CCCC(=O)Nc1ccc2[nH]cnc(=Nc3cccc(Br)c3)c2c1,1,22.29
Oc1ccc(Cl)c2ccccc12,1,16.81
CC1CN2CCCCC2CN1C(=O)CN1CCCC1CCN1CCN(C(=O)Nc2cccc(Cl)c2)CC1,1,34.93
CCOC(=O)C1CCCN(C(=O)Cn2c(=O)oc3ccc(-c4ccccc4)cc32)C1,1,27.13
COc1cc(OC2OC(CO)C(O)C(O)C2O)c2c(=O)c(CC=C(C)C)c(-c3cc(O)cc(O)c3)oc2c1,1,31.93
CN1CCC(C(=O)NC2CCCC(N=c3nc(-n4c(=Nc5ccccc5)[nH]c5cc(C#N)ccc54)cc[nH]3)CC2)(N2CCCCC2)CC1,1,40.21
Clc1cccc(Cl)c1CN1CCN(c2cc(-c3ccccc3)nc3ccccc23)CC1,1,24.28
CCCCC(=O)N=C1SC2CS(=O)(=O)CC2N1Cc1ccccc1,1,21.69
Cc1ccc(NS(=O)(=O)c2ccc(CCC(O)=NO)cc2)cc1,1,23.32
CC1SCc2ncnc(N3CCN(C(=O)C(CC4CCCC4)CN(O)C=O)CC3)c21,1,24.07
COc1ccc2ccc3c(C(=O)NCCCN(C)CCCNC(=O)c4cccc5cc6cc(O)ccc6nc45)ccnc3c2c1,1,34.06
CCOc1nccnc1C(=NO)n1nc(C)cc1C,1,31.08
NC(=O)c1c(O)nc2n1Cc1cc(OCC(=O)Nc3cccc(S(=O)(=O)N4CCOCC4)c3)ccc1C1CCCN21,1,38.01
CC(C)C(C(=O)N(Cc1cccnc1)Cc1cccs1)N(C)Cc1ccccc1,1,35.33
O=C(c1cc2ccccc2o1)c1c(O)c(O)n(-c2cc3ccccc3s2)c1O,1,27.98
COc1ccccc1CSc1nc(C)n[nH]1,1,22.67
CCCCCCCCC=Cc1cc(C)n(O)c(=O)c1,1,26.77
CN(CCCN1CCc2cc(O)c(O)cc2CC1=O)CCC(c1ccccc1)c1ccccc1,1,24.79
NC(=O)C1C2C=CC(C2)C1C(=O)N1CCOCC1,1,27.53
CN(C)CCCCCCCCN1C(=O)c2ccccc2C1=O,1,18.59
CC(C)(C)OC(=O)c1ccc(N=Cc2cc(O)cc(O)c2)cc1,1,27.25
O=C(NC1CC1c1ccccc1)C(c1ccccc1)N1CCN(CCc2ccccc2)CC1,1,30.28
CC(C)(C)OC(=O)n1ccc(-c2nccn2Cc2ccccc2)cc1=O,1,28.23
O=C1CSC(c2ccc3c(c2)OCO3)N1c1ccc(F)cc1,1,21.79
Oc1cc(O)c(-c2cc(-c3ccc4c(c3)OCO4)on2)cc1-c1ccccc1,1,25.76
COc1ccc(C2OCC3(O)c4cc5c(cc4OCC23)OCO5)cc1O,1,25.16
COc1ccc(-c2cc(OC)nnc2-c2ccsc2)cc1,1,24.7
COc1ccc(-c2nnc(Cc3nnc(-c4cccs4)o3)o2)cc1,1,21.77
CC(Cc1c[nH]c2ccccc12)(N=c1ccc(C(F)(F)F)c[nH]1)c1nc2cc(Cl)ccc2n1-c1ccccc1,1,42.24
c1ccc2c(c1)CCC(c1nnc(C3CCCNC3)o1)O2,1,29.99
COc1cc(O)c(Oc2c(F)c(F)cc(F)c2F)c(C(C)=O)c1,1,34.11
O=c1c2ccccc2c(-c2ccc(F)cc2)nn1-c1ccc(F)cc1,1,24.16
O=Cc1ccc(OCc2cn(Cc3cc(-c4ccccc4)on3)nn2)cc1,1,25.32
CC(C)c1cc2c(c(Cl)c1Cl)OC(O)(C(F)(F)F)OC2,1,31.28
CCc1cc(C(=O)NN=Cc2ccc(Cl)cc2)[nH]n1,1,22.3
CC(O)CNCC1CCN(c2cc(-c3[nH]nc4cnc(-c5cnn(C)c5)cc34)ccn2)CC1,1,31.6
Fc1ccc(NC(=S)N(Cc2ccc3c(c2)OCO3)C2CCCCCC2)cc1,1,25.02
COc1cccc(CN2CCc3cc(-c4cncc5nnc(C6(C)COC6)n45)ccc3C(C)C2)n1,1,46.89
O=C(O)Cc1ccc(-c2ccccn2)c(Cl)c1,1,27.23
CCOC(=O)C(Cc1ccc2ccccc2c1)=NC(=O)c1ccccc1Cl,1,29.04
CCCCc1ccc(-c2ccc(CC3=NC(=S)NC3=O)s2)cc1,1,20.26
CC1Cc2ccccc2N1C(=O)COc1ccc(Cl)cc1Br,1,22.17
Cc1nnc(C2CCC3CCC(Cn4nc(-c5ccc(Oc6ccccc6)cc5F)c5c(=N)[nH]cnc54)N32)o1,1,29.09
CCN1CCN(CCCCN2CC(c3ccc(OC)cc3)C(C(=O)O)C2c2c(F)cccc2F)CC1,1,36.77
NCC(c1nn[nH]n1)N1c2ccccc2Sc2ccccc21,1,31.95
NC(=S)NN=C1C2CCCC1C(c1ccccc1F)NC2c1cccc(Cl)c1,1,25.6
Cc1ccc(CNC(=O)c2ccccc2-n2cnnn2)o1,1,25.1
Oc1c(C=CCCCc2ccccc2)c(O)c2ccccc2c1O,1,21.85
COc1cccc(Oc2ccc(C(=O)NCC3CN(C)CCO3)cn2)c1,1,27.81
Cc1ccc(-c2nn(CC(F)(F)F)c3cnc4[nH]cnc4c23)cc1F,1,33.9
CC1CN(C(C)CO)C(=O)c2cc(NS(=O)(=O)c3ccccc3)ccc2OC1CN(C)C(=O)Nc1ccc(C(F)(F)F)cc1,1,22.43
CC(C)(C)c1cc(N2CCN(C3CC3)CC2)cc(N2C(N)=NC(N)=NC2(C)C)c1,1,30.82
CCOc1ccc(CCNC(=O)CSc2nc3cc(OC)ccc3[nH]2)cc1OCC,1,23.38
Cc1ccccc1NC(=O)Nc1ccc2[nH]c(=O)[nH]c2c1,1,23.65
COc1cc(CCNCC(O)c2ccc(O)cc2)ccc1OCCCc1ccccc1,1,24.84
CCC(=O)Nc1cccc(-c2cccnc2)c1,1,21.71
C=CCC(c1ccc(Cl)cc1)N1CCC(N2CCC(C(=O)NC(CNCc3ccc(Cl)cc3C)C(=O)NC3CCCCC3)CC2)CC1,1,45.74
COc1cccc(C=NNC(=O)c2nn(-c3ccccn3)c3ccccc23)c1OC,1,31.42
Cc1ccc(C(=O)NCC(=O)NC(C)c2ccc(C(=O)c3ccccc3)cc2)cc1C,1,30.3
O=C(N=c1[nH]c2cc(Cl)c(Br)c(Br)c2[nH]1)c1ccc2c(c1)OCO2,1,33.0
COc1ccccc1N1CCN(N=CC=Cc2ccccc2)CC1,1,18.68
CC(=O)c1c(NC(=O)C=C(C)C)oc2ccccc2c1=O,1,30.38
O=C1C(Cl)C(c2cn(-c3ccc([N+](=O)[O-])cc3)nc2-c2ccccn2)N1c1ccccc1,1,28.45
O=C(Oc1ccc(Cl)cc1)c1ccc(-c2ccccc2)cc1,1,19.47
CCN(CC)C(=O)c1ccc2[nH]c(O)c(C3=Nc4ccccc4C3=O)c2c1,1,25.11
Cc1nc(-c2ccccc2)cn1-c1ccc(Cl)cc1,1,21.23
COc1cccc(N=c2nc3c(c[nH]2)ncc(=O)n3-c2ccc3c(c2)OCO3)c1,1,22.86
NC(=O)c1c(C(F)(F)F)c(-c2cc(C(O)CO)[nH]n2)nc2c1ccc1ccccc12,1,49.4
CCCCCn1c2c(c3ccc(F)cc31)CCCC2,1,26.07
COc1ccccc1C(=O)NC(=S)NN=Cc1cccs1,1,23.22
COc1ccc(-c2ccc(COC3COc4nc([N+](=O)[O-])cn4C3)cc2)cc1OC,1,21.68
O=C(NCc1ccc(F)cc1)c1[nH]c(-c2ccncc2)nc(=O)c1O,1,20.13
CC(C)Oc1ccc(Oc2ccc(S(=O)(=O)N=c3[nH]cns3)cc2F)c(-c2ccnn2C)c1,1,27.64
CC1(C(=O)N2CCOCC2)COC(c2nc(-c3ccc(F)cc3)c(-c3ccncc3)[nH]2)OC1,1,18.93
O=c1cc(-c2cccc(OCCc3ccccc3)c2)oc2cc(O)cc(O)c12,1,24.01
c1ccc2c(c1)-c1ccccc1C2(Sc1c[nH]nn1)c1cncnc1,1,34.33
O=C(c1ccccc1)c1cc(C(=O)N2CCC(O)(c3ccc(Cl)cc3)CC2)cc(C(O)=NO)c1,1,35.33
Cc1ccc2c(c1)N=C1CC(C)(C)CC(=O)C1C(c1ccc([S+](C)[O-])cc1)N2C,1,31.24
c1ccc(Oc2ccc3nncn3n2)cc1,1,19.5
NC(=O)C=Cc1ccc(SCc2ccccc2)cc1,1,24.79
Clc1ccc(Cn2ncc3ccccc32)cc1,1,19.26
COc1ccc(COC(=O)NC(C(=O)NC(Cc2ccccc2)C(=O)C(=O)NCc2ccccc2)C(C)(C)C)cc1OC,1,34.99
O=C(O)c1cn(Cc2ccc(-c3ccccc3)cc2)c2ccccc2c1=O,1,18.76
Cn1c(CNc2ccc3c(c2)OCO3)nnc1Sc1ncc([N+](=O)[O-])s1,1,29.97
CCCCN(C)CCCNC(=O)c1cn(CC(=O)c2c[nH]c3ccccc23)nn1,1,32.7
COCOc1cc(OC)ccc1C(=O)C=C(C#N)c1ccc(OC)cc1,1,34.37
Nc1ccc(S(=O)(=O)NCCCC(NC(=O)CCC(N)C(=O)O)C(=O)O)cc1,1,30.12
O=C(O)COc1ccc(CC(CC(=O)O)C(=O)O)cc1,1,24.59
C=C(C)CN(CC1CCCO1)C(=O)c1ccc2c(c1)OCO2,1,27.32
NNC(=O)c1ccc(-c2nnn(CC(=O)N(C3CC3)C(C(=O)NC3CCCC3)c3cccnc3)n2)cc1,1,36.37
Cc1n[nH]c(C)c1-c1nc(=Nc2ccc(S(=O)(=O)N3CCOCC3)cc2)c2c([nH]1)CCC2,1,33.76
c1ccc(-c2nc3ccc(CN4CCC(N5CCCC5)CC4)cc3nc2-c2ccccc2)cc1,1,28.79
O=C(N=c1cc[nH]cc1)NN=Cc1ccc(C(F)(F)F)cc1,1,21.1
CCCCCC=CCC#CC#CC#CCC=CCCCCCC,1,28.81
COc1ccccc1C(=O)COC(=O)CSc1ccccc1,1,24.45
Cc1c(C(=O)NC(CC(=O)O)c2ccc(Br)cc2)cnn1-c1ccc(Br)cc1,1,28.08
O=C(COC(=O)c1ccc(Br)cc1)N=c1ccc(Cl)c[nH]1,1,21.33
COc1cccc(C(=O)Nc2ccc(-c3nc4ccccc4[nH]c3=NC(C)=O)cc2)c1,1,33.27
O=C1c2ccc(Cl)cc2C(=O)N1c1ccc(-c2ccc(N3C(=O)CSC3c3ccccc3O)cc2)cc1,1,28.71
S=C(N=c1nccc[nH]1)NCCCCn1ccnc1,1,26.67
COC1C(NC(=O)c2cnccn2)CC12CCN(C(=O)c1ccsc1)CC2,1,29.19
CCS(=O)(=O)c1ccc(-c2c(O)ccc3cc(-c4ccc(NS(C)(=O)=O)cc4)cnc23)cc1,1,35.2
CC=C1CC(c2cc(=O)c3ccccc3o2)C(O)CN(C(C)=O)C1,1,37.61
CN1C(=O)CN=C(c2ccccc2)c2ccc(Cl)cc21,1,18.87
Cc1ccc(N(Cc2ccc3c(c2)C=CC(C)(C)O3)S(=O)(=O)c2cc(C(=O)Nc3ccc(C#N)cc3)ccc2Cl)cc1,1,36.32
Oc1ccc(O)n1-c1nc(=Nc2cccc(Cl)c2)[nH]c2ccccc12,1,32.65
C=CC(=O)Nc1ccc(C(O)Nc2cccc(Br)c2)c(N=c2cc[nH]c3cnccc23)c1,1,41.96
Cc1ccc(-c2nccn2-c2ccc(-c3cccc(N=c4cc(C)[nH]c(=N)[nH]4)c3)cc2)cc1,1,32.82
NC(=O)CC(N)C(=O)NC(CC(=O)O)C(=O)O,1,24.55
CCCc1cc(=O)[nH]c(SCC(=O)c2ccc(C)s2)n1,1,23.63
Cc1nc(-c2ccccn2)n2cc(C(=O)NC3CCCC(C)(C)C3)ccc12,1,33.05
COc1cc2c(cc1OC)C1C=CC3(OC)OC(=O)C=CC3C1CC2,1,36.28
CCOC(=O)c1c(S(=O)(=O)NC(=O)N=c2cccc[nH]2)sc2sc(C(C)(C)C)cc12,1,34.41
O=C(O)c1cc(Cl)ccc1NC(=O)c1nn(-c2ccc(Cl)cc2)c2c(oc3ccccc32)c1=O,1,36.97
Cc1ccc(NC(=O)OCCCN(C)C)cc1Cl,1,26.27
CC(=O)NCCN=c1ccc2ccc(-c3ccc(C(F)(F)F)cc3)cc2[nH]1,1,28.29
CN1CCN(CCCN=c2nc3[nH]c(=NC(=O)NC(C)(C)C)c(-c4ccccc4Cl)cc3c[nH]2)CC1,1,20.84
N#Cc1cc(C(=O)NCc2ccc(Cl)cc2)c(N)nc1SCc1ccc([N+](=O)[O-])cc1,1,33.17
CN(C)CCCn1cnc(-c2cc3nccc(Oc4ccc(NC(=O)NC(=O)NCCc5ccccc5)cc4F)c3s2)c1,1,34.93
O=S(=O)(NC1CCCC1c1ccc(Cl)cc1)c1c(Cl)cccc1Cl,1,27.22
Cc1cc(=NC(=O)c2ccc([N+](=O)[O-])o2)[nH]o1,1,20.85
CCN(Cc1ccc(-c2ccc(CNCCc3ccccc3)cc2)cc1)C(=O)C1CCN(C(=O)CO)CC1,1,35.41
C=C(C(=O)OC)C1CCC2(COC(C)=O)CCC3(O)C(C)(C(=O)CC4C5C(OC(C)=O)CC6CC(OC(C)=O)CCC6(C)C5CCC43C)C(=O)C2C1,1,58.7
COc1ccc(C=CC(=O)N=c2[nH]c3ccccc3[nH]2)cc1,1,21.32
CC(C)(N)C(=O)NC(Cc1ccc(Cl)cc1)C(=O)N1CCN(c2c(CNC3CCc4ccccc43)nc3ccccn23)CC1,1,33.44
CC(C)(C)c1ccc(N=c2[nH]cnc3c2cnn3Cc2ccc(S(N)(=O)=O)cc2)cc1,1,30.7
CC(=O)Cc1n[nH]c(=S)n1-c1ccccc1,1,22.28
CN1CCN(C2=CC(C)(C)Sc3ccccc32)CC1,1,21.27
CC(C)(C)c1c(C#N)[n+]([O-])c2cc(Cl)c(Cl)cc2[n+]1[O-],1,23.43
Cc1cccc(NC(=O)NCC(c2cc(C(F)(F)F)cc(C(F)(F)F)c2)N2CCCCCC2)c1,1,29.8
CN(CC(=O)CCN1CCC(N2CCCN(c3nc4ccccc4s3)CC2)CC1)C(C)(C)c1cccc(-c2ccc(Cl)cc2)n1,1,42.7
COc1ccc2ccc(CCC(=O)CC(c3ccc(-c4ccccc4)cc3)n3cncn3)cc2c1,1,31.31
CCC(=O)NC(C)c1ccc(OC2CCN(c3ccc(OCC4CC4)cc3)C2)cc1,1,20.93
Cc1c(Cc2ccccc2)c(Cl)nn1-c1ccccn1,1,23.0
CCC(=O)Nc1cccc(C2=NOC3(C2)CC(C(N)=O)N(C(c2ccccc2)c2ccccc2)C3)c1,1,25.2
CCCCC1(CCC)CCCc2c1[nH]c1ccc(O)cc21,1,24.72
Cc1n[nH]c(=NC(=O)c2ccc(Br)c(S(=O)(=O)N3CCOCC3)c2)s1,1,25.61
O=S(=O)(Cc1cn(-c2ccccc2)nn1)N1CCC(Cc2ccccc2)CC1,1,26.12
COc1cc2c(cc1OC)C(c1cc(OC)c(OC)c(OC)c1)C1C(=O)OCC1C2Nc1ccc(C(=O)C=Cc2ccccc2Br)cc1,1,35.26
CCc1nnc2c3cc[nH]c3nc(-c3ccccc3)n12,1,24.99
Nc1ccc(Sc2ccc(NCc3cccc(O)c3)cc2)cc1,1,27.77
Cc1cc(N2CCC(CCN3CCCC3)CC2)nc2ccc(NC(=O)C=Cc3ccccn3)cc12,1,25.94
CCc1cccc(C)c1NC(=O)c1cc2c(s1)-c1c(C)cccc1OC2,1,24.33
Cc1ccc2oc(=O)c3c4ccc(O)cc4oc3c2c1,1,24.72
Cc1ccccc1CCNC(=O)c1ccc2nc(N3CCOCC3)sc2c1,1,24.5
CCOCNC(=O)C1CCN(S(=O)(=O)c2ccc(OC)c(Cl)c2)CC1,1,28.88
CCOc1ccccc1NC(=O)c1ccc(-n2c(C)cc3c2CCC(C)C3)cc1,1,24.69
Nc1ccccc1S(=O)(=O)Nc1ccccc1-c1ccc2nc[nH]c(=Nc3ccc(OCc4ccccc4F)c(Cl)c3)c2c1,1,41.89
COc1ccc(-c2ccc3nc(N4CCCC4c4cc(F)ccc4F)nc(N4CCOCC4C)c3n2)cc1,1,28.89
COc1ccccc1C1CN(C)C2(CC(=O)Nc3ccccc32)C12C(=O)c1ccccc1C2=O,1,32.12
O=C(Cn1nnc(-c2ccncc2)n1)N1CCOCC1,1,20.62
O=[N+]([O-])c1ccc(-c2cc(=S)ss2)cc1,1,18.82
Cc1nnc2n1N=C(c1c(-c3ccccc3)n(CC(C)Cl)c3ccccc13)CS2,1,36.95
CCCN(CCC)C(=O)NS(=O)(=O)c1ccccc1,1,22.24
c1cnc2ccc(C3(c4nnc5n4CCCCCC5)CC3)cc2c1,1,24.08
COc1ccc(N=c2c(C(=O)Nc3ccccc3)c[nH]c3c2c(C)nn3C)cc1,1,29.3
O=C(C=CC=Cc1ccccc1)Nc1ccc(O)cc1,1,21.85
COc1ccc(CCNC(=O)C2COc3ccc(S(=O)(=O)N4CCC(C)CC4)cc32)cc1OC,1,30.2
NC(=O)c1cc(-c2ccc(Br)cc2)nc2cc(O)ccc12,1,28.0
O=C(C1CCC(c2ccccc2)C1)N1N=C(c2ccc([N+](=O)[O-])cc2)CC1c1ccccc1,1,32.18
Cc1cn(CCCCN2CCc3ccccc3C2)c(O)c1-c1ccccc1,1,27.27
CN1c2ccccc2N(Nc2ccc(Cl)cc2)C(=O)C12CSC1=C2C(=O)c2ncccc2C1=O,1,32.42
c1ccc(CSc2n[nH]c(=NC3CN(Cc4ccccc4)CC3c3ccccc3)s2)cc1,1,32.02
COc1cc(CCC(=O)OC23CCCC(C2)C3c2ccco2)ccc1O,1,40.0
O=C1Cc2c([nH]c3ccc(N4CCCCC4)cc23)-c2ccccc2N1,1,26.64
CCOC(=O)c1cc(-c2ccc(OC)cc2)c(-c2ccc([N+](=O)[O-])cc2)s1,1,27.88
CC1(C)CCC2(C(=O)O)CCC(C)(C)OC2C1,1,27.07
O=C(C1CCOCC1)N1CCC2(CC1)COC(CCOc1ccccc1)C2,1,26.39
CN(C)C(=O)CCC(=O)N(CCCO)c1ccc(Cl)cc1C(O)c1ccccc1Cl,1,34.69
Clc1ccc(-c2ccccc2)c(-n2ccnc2C(Cc2c[nH]c3ccccc23)NCC2CC2)c1,1,41.9
O=c1[nH]c(-c2ccccc2)nc2ccc3c[nH]nc3c12,1,26.83
CC1CN(c2[nH]cnc(=N)c2-c2ccc(F)cc2F)CCC1(C)N,1,22.53
Cc1cccc(N2CCN(CCCCCCN3C(=O)c4ccccc4S3(=O)=O)CC2)c1,1,26.79
CCC(Nc1c(C)cccc1Cl)C(C)(O)C(Cc1c(Cl)cccc1Cl)OC,1,42.74
COc1ccc(-c2nnnn2-c2ccccc2C(C)C)cc1,1,25.68
O=C1c2ccccc2OC(CN2CCN(c3ccccc3)CC2)C1c1cccs1,1,30.2
CC(C)NCCCC1(c2ccccc2)OCCc2c1ccc1c2C(=O)c2cc(N)ccc2-1,1,47.3
Cc1ccc(-c2nc3ccccc3[nH]2)cc1-c1ccc(NC(=O)c2ccncc2)cc1,1,26.85
CC(O)CCC(=O)NN1C(=O)C(c2ccccc2)=NC1(C)C,1,33.36
CCCN(CC1COc2ccccc2O1)S(=O)(=O)c1ccc(S(=O)(=O)NC2CC2)cc1,1,29.42
CCC(CN1CCCC(C(=O)NC(c2ccccc2)c2ccccc2)CC1=O)N(C)C,1,39.68
COc1cc(OC)cc(N(CCNC(C)C)c2ccc3ncc(-c4cn[nH]c4)nc3c2)c1,1,21.95
O=C(Nc1ccc(Br)c(Cl)c1)C(=O)N1CCCC2CCCCC21,1,35.29
Cc1ccc2c(c1)C(=O)N(c1ccc(F)c(CO)c1)C2=O,1,26.84
C=C(C)C1CCC2(C(=O)NCCCCCCCCCCC(=O)NCCC(=O)O)CCC3(C)C(CCC4C5(C)CCC(OC(C)=O)C(C)(C)C5CCC43C)C12,1,30.92
Cc1nn2cc(-c3nnc(Cc4ccccc4Cl)o3)nc2s1,1,27.66
CN(C)c1ccc(CNS(=O)(=O)c2ccc3c(c2)NC(=O)CC(=O)N3)cc1,1,24.33
NC(=O)c1ccc(NC(=O)COC(=O)c2cccnc2)cc1,1,21.27
N=c1nc(-c2ccc(F)cc2)c2c([nH]1)CCCC2,1,20.86
Cc1ccc(C=Nn2c(-c3cccs3)n[nH]c2=S)o1,1,21.93
CCOC(=O)c1ccc(-n2cc(C(=O)NC(CC(=O)O)c3ccc(N4CCOCC4)s3)nc2-c2ccc(Cl)c(Cl)c2)cc1,1,45.9
Cc1ccccc1N1CCN(Cc2ccc(-c3ccccc3)cc2)C(=O)C1=O,1,20.24
CN(Cc1ccccc1)C(=O)Oc1nsc2ccccc12,1,27.27
O=C(O)c1nn2c(-c3ccc(OC(F)(F)C(F)Cl)cc3)ccnc2c1-c1ccco1,1,35.6
CC(C)c1cc(C(=O)O)cc(C(C)(C)C)c1O,1,20.57
Cc1cccc(Sc2nnnc3c2cnn3Cc2ccc3c(c2)OCO3)c1,1,31.42
Cc1ncc2c(n1)[nH]c1sc(-c3ccccc3)cc12,1,27.95
O=C1C=CC2(CC1)OC(=O)C1=C2c2cccc3cccc(c23)C1,1,34.2
CC(C)(C)c1ccccc1NC(=S)NCCN=c1[nH]c2ccccc2[nH]1,1,29.28
Cc1cccc(=NC(=O)C2CCN(S(=O)(=O)c3ccc(C(F)F)cc3)CC2)[nH]1,1,28.81
CCCCCCCC(C)CC=CC#CCCCCC(=O)N(C)CC#CCN(CC)CC,1,34.59
Cc1ccc(S(=O)(=O)N2CCC(c3nc(-c4ccc(Cl)cc4)no3)CC2)cc1,1,20.73
CCS(=O)(=O)N1CCc2cc(NC(=O)Nc3ccc(C)cc3)ccc21,1,24.45
COC(=O)c1ccc(NS(=O)(=O)c2cc3c4c(c2)CCN4C(=O)CC3)cc1,1,21.86
CNc1cccc(Cl)c1C(=O)NCC(NC(C)=O)c1c(F)cccc1F,1,33.36
Cc1cnc(C(CC(=O)O)c2ccc(C#N)cc2)s1,1,21.5
COc1ccc(Cl)cc1NC(=O)c1cc(C(=C(C)C)n2cccc2)no1,1,38.13
CCOc1ccccc1-c1nc2cccnc2n1OC(=O)NC(C)C,1,34.2
CC(O)C(=O)N(C)c1nnc(CCCOc2ccccc2Cl)s1,1,33.71
Cc1oc(-c2ccc(C(F)(F)F)cc2)nc1Cn1c(-c2ccccc2)cc(=O)c2ccccc21,1,27.8
COc1ccc(OC)c(C=C(C(=O)Nc2cccc(C(F)(F)F)c2)c2ccc(Cl)cc2)c1,1,30.83
O=C(Nc1ccc(Cl)cc1)C1CCCN1C(=O)Nc1ccccc1,1,20.24
N=c1[nH]cccc1-c1nccc2nc(C3CCN(C(=O)C4CCOCC4)CC3)nn12,1,32.02
C=CCN(C)C1CCC2(O)CC3C4CCC(C(C)CCC(O)Nc5ccc(S(=O)(=O)N=c6[nH]c7ccccc7[nH]6)cc5)C4(C)CCC3C12C,1,46.43
CON=C(CCl)c1ccc(C)cc1O,1,28.25
O=C(N=c1c(Cl)c[nH]cc1Cl)c1ccc(Cl)c(N=c2[nH]cnc3cnc(N4CCN(CC5CC5)CC4)nc23)c1,1,26.45
c1ccc(CCCN2CCN(CCOC(c3ccccc3)c3ccccc3)CC2)cc1,1,15.31
O=c1n(CCc2ccc(F)cc2)c(O)c2n1Cc1ccccc1C2,1,23.73
C#CCCCOC(=O)CC1C(C=CC(C)=CCc2c(O)ccc(C)c2C)C1(C)C,1,40.88
C=CCc1cnc2c(OC)cccc2c1-c1cccc2oc(=NC3CC3)[nH]c12,1,39.06
CCN1CCCC1CNC(=O)c1ccc2ncn(-c3ccccc3)c2c1,1,24.69
N=c1[nH]c(=N)c2c(Oc3ccc(C(=O)O)c(S(N)(=O)=O)c3)cccc2[nH]1,1,36.4
CCCCCCCNC(=NCCCC)NC(=O)NC(C)(C)C,1,32.28
O=C1C(Cl)C(c2ccc(O)cc2)N1c1nnc(Cc2ccccc2)n(O)c1=O,1,28.94
O=C1NC(=S)SC1=Cc1cccc2cccnc12,1,21.02
COc1nc(=NC2CCN(C(C)C)CC2)[nH]c(=Nc2ccc3cc(C)[nH]c3c2)[nH]1,1,35.39
COc1ccc(Cl)cc1NC(=O)CSc1nc(-c2ccco2)cc(C(F)(F)F)n1,1,22.51
O=C(c1ccc2nc(C3CCCCC3)[nH]c2c1)N1CCCCC1,1,24.29
C[n+]1ccccc1C=c1c(=C(C#N)C#N)ccc2c(N)cc(S(C)(=O)=O)cc12,1,39.45
CCCn1c(=O)c2[nH]c(-c3cccc(OCC(=O)NC4CCN(Cc5ccccc5)CC4)c3)cc2n(CCC)c1=O,1,25.74
Cc1c(-c2ccccc2)nc2ccc(NS(C)(=O)=O)cn12,1,23.5
CC(CCNC(=O)OCc1ccccc1)(C(O)=NO)S(C)(=O)=O,1,30.43
N#Cc1ccc(Nc2cc(=NC3CC3)n3ncc(=Cc4[nH]c(=O)[nH]c4O)c3n2)cc1,1,20.11
CCCn1c(=O)c2[nH]c(-c3cc(C(=O)Nc4ccc(OC(F)(F)F)cc4)cnc3N3CC(C)CCC3C)nc2n(CCC)c1=O,1,33.28
CCCCN(c1ccc2c(=O)oc(OCC(=O)O)c(CCC)c2c1)S(=O)(=O)c1ccc(Br)cc1,1,36.96
Cc1nc(SCC(=O)C(C)(C)C)c2c3c(sc2n1)CCN(C(=O)OCC(F)(F)F)CC3,1,39.62
COc1cc(C(=NO)c2ccc(OC)c(OC)c2O)cc2c1OCO2,1,32.43
O=Cc1cc2c(c3ccccc13)C(CCl)CN2C(=O)Oc1ccc2ccccc2c1,1,33.92
Nn1cc(COc2ccc(C=Cc3ccccc3)cc2)nn1,1,30.57
CCCCN1CCC(c2ccccc2)C(NC(=O)CC)C1,1,29.02
O=C(Cn1ccnc1)c1ccc2c(c1)OCO2,1,19.33
CCC1(CC(=O)O)OCCc2c1[nH]c1c(F)ccc(Cl)c21,1,22.78
O=C(CN(c1ccc(F)cc1)S(=O)(=O)c1ccc(Cl)cc1)NCCSc1ccccc1,1,24.22
Cc1ccc(S(=O)(=O)Nc2ccc3nc4ccccc4nc3c2)cc1,1,23.74
CC(C)Oc1ccc2c(c1)c(C(=O)c1c[nH]c3ccc(C#N)cc13)cn2C(=O)N(C)C,1,32.59
CCOc1ccc(-c2c3c(-c4ccc(C)cc4)c(C(=O)NCc4ccco4)sc3c(O)n2CCc2ccccc2)cc1,1,38.11
c1ccc(CCN(CCN2CCN(c3nsc4ccccc34)CC2)C2CCCc3ccccc32)cc1,1,34.89
CCCCC1c2c[nH]c3c(Cl)ccc(c23)C2CC(=O)N12,1,37.28
NS(=O)(=O)c1ccc(Cn2c(O)c3c(c2O)CCC=C3)cc1Cl,1,27.11
O=C1CCCN1c1ccc(OC2CN(c3ncnc4cccc(C(F)(F)F)c34)C2)nc1,1,30.8
N=c1ccc(C#Cc2cncnc2N2CCC3(CCCN3S(=O)(=O)Cc3ccccc3)CC2)c[nH]1,1,30.74
CCC1CNCC1N(C)C(=O)NC1CCN(C(C)C)CC1,1,34.64
O=c1c(-c2nc3ccccc3[nH]2)nc2ccccc2c2cc3c(cc12)OCO3,1,24.83
N#Cc1cccc(C2(O)CC3CC(c4ccc(F)cc4)C(C2)N3)c1,1,25.5
CC(=O)NCC1CN(c2ccc(-c3ccc(-c4cccs4)cc3)nc2)C(=O)O1,1,26.66
CC1CN(S(=O)(=O)c2ccccc2)CCN1CCc1ccc2c(c1)COC2=O,1,33.01
Cc1ccc(C(=O)N2CCN(C(=O)c3cn(Cc4ccccc4)nn3)CC2)cc1,1,26.68
Cc1ccccc1OCC(O)Cn1cc([N+](=O)[O-])cn1,1,26.19
O=C1C(=O)N(CCN2CCN(NCc3ccccc3F)CC2)c2ccccc21,1,19.66
COc1ncc(-c2ccc3c(Cl)c[nH]c3c2)cc1CN1CCN(C)CC1,1,28.65
CCSCCNCCCNCCCNCCCCNCCCN,1,21.64
O=c1c2cccnc2nc2n1CCCCC2,1,18.77
COC(=O)c1c(C(=O)OC)c(-c2ccc(OC)cc2)n2c1CSC2C(=O)O,1,29.58
CCCC(=O)Nc1ccc(-c2c3c(nc4c(Cl)cc5ccoc5c24)C(O)C(N2CCCCC2)CO3)cc1,1,57.1
C=C(C)COc1ccccc1C(=O)Nc1cc(OC)ccc1OC,1,27.79
O=C(NC1CSCN2CCCC12)C(Cc1c[nH]cn1)=NC(=O)C(Cc1ccccc1)NC(=O)c1ccco1,1,37.92
CCC(=O)Nc1ccc(Cl)c(-n2nc(C)n(C(F)F)c2=O)c1,1,27.3
O=C(N=c1nc(Cl)c2ccccc2[nH]1)NC(=O)c1ccccc1,1,26.92
O=C(NCCCCCN1CCC(c2c[nH]c3ccccc23)CC1)Nc1ccccc1F,1,23.54
O=[N+]([O-])c1cc(S(=O)(=O)Nc2ccc(-c3nnc4n3CCCCC4)cc2)ccc1Cl,1,29.0
O=C(CSc1nnc(-c2[nH]c3ccccc3c2Cl)n1Cc1ccccc1)N1CCCC1,1,31.84
COc1ccc(C=CC(=O)Nc2ccc3nccc(N4CCN(c5nccs5)CC4)c3c2)cc1,1,30.36
O=C1N(Cc2ccc(-c3ccccc3F)cc2)c2ccccc2C12OCCCO2,1,23.73
OCC1OC(c2ccc(Cl)c(Cc3ccc(-c4cccs4)cc3)c2)C(O)C(O)C1O,1,21.31
COC(=O)C(NC(=O)NC(CC(N)=O)C(=O)NC(C(=O)NC(CCCCCCN)C(=O)O)C(C)C)C(C)C,1,46.7
COc1cc2[nH]c(=N)c(C(N)=O)nc2cc1C1CCOCC1,1,29.51
CC(C)C1(C(=O)N=c2cc3[nH][nH]c(=N)c3c[nH]2)CC(=O)N(c2cncnc2)C1,1,32.34
Cc1cccc(C(=O)NCCN2CCN(c3ccc(O)cc3)CC2)c1,1,24.3
Cc1ccc2[nH]c(=O)c(C=NNC(=O)c3cccs3)cc2c1,1,24.17
COc1ccc(-c2cn(C(Cc3ccccc3)C(=O)NC(CCCCN)CC(=O)O)nn2)cc1OC,1,33.98
Cc1ccn2c(CNC(=O)c3ccccn3)c(-c3ccc(F)cc3)nc2c1,1,29.95
N#Cc1ccc(-c2ccnc3[nH]ncc23)cc1S(N)(=O)=O,1,31.07
CCOC(=O)C1CCN(C(CNS(=O)(=O)c2ccc(OC)c(Cl)c2)c2ccco2)CC1,1,26.96
COc1ccc(N=c2cc(C)nc3nc[nH]n23)cc1,1,17.27
Cc1nc2c(C)cccn2c1C(=O)C=Cc1ccc(F)cc1F,1,28.38
CC(C)C(C)(C#N)NC(=O)CSc1[nH]c(=O)nc2c1CCCC2,1,31.03
O=C([O-])CN(CCCCC=CBr)c1ccc(Cl)c(Cl)c1,1,41.76
O=c1nc(OCC2COCCO2)cc2n1CCc1cc(-c3cc(Cl)cc(Cl)c3)ccc1-2,1,21.84
CC(=O)Nn1c(-c2cc3ccccc3cc2O)cnc1SC(C#N)=NNc1ccccc1Cl,1,39.47
COC1CN(c2ncc[nH]2)CCC1NC(=O)c1cccc(-c2ccccn2)n1,1,33.31
O=C(CN1CCC(N2CCCCC2)CC1)N1CCc2cc(N=c3cc(-c4ccc5ncsc5c4)c(Cl)c[nH]3)ccc21,1,43.03
CCNC(=O)NC(=NC1=NC(=O)C(=O)N1C(C)C)NCC(CC1CCCC1)c1ccc(OC)c(F)c1,1,45.45
COc1ccccc1-c1csc(=NC(=O)CC#N)[nH]1,1,23.71
Cc1cccc(C(=O)NNC(=S)Nc2ccc(Cl)cc2)c1O,1,22.71
CC(Cc1ccc(C#Cc2ccnc(N3CCCC(C(=O)O)C3)n2)cc1)Oc1ccccc1F,1,37.32
O=C(O)Cc1cc2ccc3c[nH]nc3c2[nH]1,1,29.52
Cc1cc(=O)[nH]c(N2CCN(c3ccccc3C)CC2)n1,1,24.03
Cc1cc(N=c2cc(C3CC3)[nH][nH]2)[nH]c(=NCc2c(C)noc2C)n1,1,22.25
O=C(O)CCCCC1CCCCn2c(C3CCCCC3)c(-c3ccc(F)cc3)c(-c3ccccc3)c21,1,32.22
Cn1c(CNC(=N)N)ccc1-c1ccccc1,1,22.76
COc1cc(CN2CCC3(C2)N=C(C)c2[nH]c(=N)[nH]c(=NCc4ccc(-c5ccccc5)cc4)c2N3)ccc1C,1,51.16
O=C(NCCO)c1cc(O)n(Cc2cc(F)cc(F)c2)c1,1,26.17
CCOC(=O)N1CCC(N2CCC(Oc3cccc(C(=O)NCC45CC6CC(CC(C6)C4)C5)c3)CC2)CC1,1,29.19
CCOc1ccc(Cc2cc(C3CCN(CC4CN(C(C(=O)O)C5CCCCC5)CC4c4ccc(Cl)cc4)CC3)n(CC)n2)cc1,1,23.3
CC(=O)N1c2ccc(S(=O)(=O)N3CCCC(C(=O)NCC(C)c4ccccc4)C3)cc2CC1C,1,25.27
CCc1[nH]nc(Cn2c(=O)sc3ccccc32)c1-c1ccc(Cl)cc1,1,33.0
O=C(OCC#CCSc1nnc(-c2ccccc2)o1)c1ccccc1,1,18.79
Cc1ccc(N=c2nc(N3CCCC(N)C3)[nH]c(N3CCC(N(C)C)C3)n2)c(Cl)c1,1,28.6
O=C1CN(C(=O)c2ccco2)c2ccccc2N1,1,20.19
CCN(CC)CCNC(=O)c1ccc(-c2c[nH]c(=NC3CCCc4ccccc43)[nH]c2=N)cc1,1,32.11
COC(=O)c1ccc(-c2nc(-c3cccc(C(F)(F)F)c3)c[nH]2)cc1,1,24.86
O=C(NCc1ccc(Br)cc1)c1cccc2c1C(=O)N(C1CCNCC1)C2,1,28.05
COc1cc(-c2nnc(CNCCOc3ccccc3)o2)cc(OC)c1OC,1,27.14
COc1ccc(-c2nn(-c3ccccc3)cc2C=NN=c2[nH]c3ccc(C)cc3s2)cc1OC,1,26.99
CC1CC(c2ccccc2)C(C)C12COCO2,1,31.55
S=C(NCCCN=c1c2ccc(Cl)cc2[nH]c2cc(Cl)ccc12)Nc1ccccc1Cl,1,27.16
Cc1ccc(NC(=O)Nc2cccc(Br)c2)cn1,1,24.3
C[N+]1=C2CC(C)(CC1)c1cc3c(cc12)OCO3,1,24.52
O=C(Nc1ccccc1-c1ccccc1)N1CCN(C(=O)c2ccc(Cl)cc2)CC1,1,25.32
O=C(COC(=O)c1ccc(O)cc1)NC(=O)NC1CCCC1,1,21.83
COC(=O)C1(C)CCCC2(C)C1CCC13CCC4C(C)(C)C(=O)C=CC4(C)C(CC1O)C23,1,34.71
O=C(Nc1ccc2c(c1)C(NS(=O)(=O)c1ccc(F)cc1)C(O)CC2)c1ccc(F)cc1,1,22.12
Clc1nnc2ccccc2n1,1,19.96
CCCCCCCCNS(=O)(=O)NC(=O)Oc1c(C(C)C)cccc1C(C)C,1,21.45
OCCCCCCOc1cc(F)ccc1-c1ccncc1C=CC(O)=NO,1,36.64
Cc1c(N=Nc2cc3ccc(N)cc3oc2=O)c(=O)n(-c2ccccc2)n1C,1,29.74
O=C(NC1CCN(Cc2ccc(C3CCCCC3)s2)C1)c1ccc(-c2ccccc2)cc1,1,29.12
CNCCn1oc(=O)n2c3c(=O)[nH]c(=O)n(C)c3nc12,1,30.07
N#CCCSc1nc2[nH]c3ccc(Br)cc3c2s1,1,31.71
[N-]=[N+]=NC1C([N+](=O)[O-])=C2N(Cc3ccc(Cl)nc3)CCN2C1c1ccc(Cl)cc1,1,28.58
CCOC(=O)c1c(C)cc2occ(NC(=O)C=CC(=O)O)c2c1-c1ccccc1,1,39.5
CCOC(=O)C1C(=N)N(NC(C)=O)C2=CC(C)(C)CC(=O)C2C1c1cn(-c2ccccc2)nc1-c1ccccc1,1,27.34
O=C(CCCN1CCC2(CCc3ccccc32)CC1)c1ccc(F)cc1,1,18.09
CC(C)(C)C(=O)Nc1ccc(Cl)c(NC(=O)C2CCCCC2)c1Cl,1,28.36
O=C(N=c1[nH]nc(Cc2ccccc2F)s1)c1ccncc1,1,24.79
CC(C(=O)O)c1ccccc1,1,17.24
Cc1cc2c(cc1S(=O)(=O)Nc1ccc(C)c(S(=O)(=O)N3CCOCC3)c1)n(C)c(=O)c(=O)n2C,1,29.47
COc1ccc2[nH]c(=NC(=O)C(C)Oc3cccc(C)c3)sc2c1,1,24.1
CC1(C)C=C(c2cn(-c3ccc(S(C)(=O)=O)cc3)nn2)c2cc(Cl)ccc2C1=O,1,30.78
N=C(N)NCCCN1CCN(C(=O)CCC(NC(=O)c2cc(Cl)cc(Cl)c2)C(=O)N2CCC(C(=O)O)CC2)CC1,1,28.12
CCCCn1c(=O)n(CC(=O)NC(Cc2ccccc2)C(=O)C(=O)NCc2ccc(Cl)cc2)c2ccccc21,1,33.58
CC(=O)Nc1ccc2c(ccn2CCN(C)C2CCN(Cc3ccccc3)CC2)c1,1,33.83
COc1cc(CNc2ccc(S(N)(=O)=O)cc2)cc(OC)c1OC,1,19.85
COc1ccc(C2(NCCn3ncc4ccccc43)CCCCC2)cc1,1,30.81
Cc1c(NC2CCCCC2)[nH]c(N2CCCC2)nc1=NCCO,1,29.01
CC(C)CC(NC(=O)OC(C)(C)C)C(=O)N1CCCC1c1csc(=N)[nH]1,1,26.11
CC(C)CCN1CCOC2(CCCCC2)C1,1,23.64
CS(=O)(=O)c1ccc(-c2c[nH]c3c(-c4cccc(N5CCNCC5)n4)cccc23)cc1,1,28.21
O=C(NC1c2ccccc2OCC1NC1CCC1)c1cccnc1N1CCCC1,1,33.01
CN(C(=O)c1ccc(CNC(=O)N2Cc3ccccc3C2)cc1)C1CCN(C(=O)OC(C)(C)C)CC1,1,30.22
CC(=O)C1CCC2C3CCC4N(C)C(=O)CCC4(C)C3CCC12C,1,21.89
CN(C)S(=O)(=O)c1cc(NC(=O)CN)ccc1Cl,1,24.73
CCOC(=O)C1C(CC)=Nc2ccccc2N=C1NS(=O)(=O)c1ccc(C)cc1,1,21.0
C=CCn1c(-c2cn(-c3ccc(OC)c(OC)c3)nn2)n[nH]c1=S,1,27.94
Cc1ccc(-c2c[nH]c(=N)c(-c3ccc(O)cc3)n2)cc1,1,20.81
COC(=O)c1ccc(CCC(=O)NCC(O)c2cccc(OCc3ccccc3)c2)cc1,1,32.25
O=S(=O)(O)c1ccc2[nH]c3c(c2c1)C(O)CNC3,1,26.93
Cc1c(O)c(=O)ccn1CCCCNC(=O)c1cccc(F)c1,1,26.23
Cc1nc(-c2ccccc2)sc1C(=O)NCCCCCCC(O)=NO,1,20.77
O=C(c1ccccc1-n1nccn1)N1CCOCC1Cc1cccc(-n2nccn2)c1,1,18.14
CCCCc1ccc(NC(=O)CSc2n[nH]c(=N)s2)cc1,1,22.13
O=C(Nc1cccc2ccccc12)c1nc[nH]c1-c1ccccc1,1,27.11
CCN(C(=O)Cn1nc(C)c2c(C)n(-c3cccc(Cl)c3)nc2c1=O)c1cccc(C)c1,1,28.54
Fc1ccc2[nH]c3cc(Cl)ccc3c(=NCCN=c3c4ccccc4[nH]c4ccccc34)c2c1,1,30.41
O=C(C=Cc1ccccc1)c1ccc(OCCCN2CCN(CCOC(c3ccccc3)c3ccccc3)CC2)cc1,1,24.78
CC(C)CN1CCN(C(=O)C(Cc2cn(Cc3ccc(F)cc3)nn2)NC(=O)N2CCC(N3Cc4ccccc4NC3=O)CC2)CC1,1,38.85
N#Cc1ccc2[nH]c(-c3c[nH]c4ccc([N+](=O)[O-])cc34)c(Sc3ccc(Cl)cc3)c2c1,1,29.85
COc1cc(NC(C)CCCN(CCNC(C)(C)C)C(=O)C23CC4CC(CC(C4)C2)C3)c2ncccc2c1,1,39.52
CC1(CCCC(=O)C=Cc2ccc(Cl)cc2)CC(C)(CC(=O)O)OO1,1,28.78
N=c1ccn(C2CC(O)C(COC(=O)C3CCCN3)O2)c(=O)[nH]1,1,23.17
COc1ccc(C=CC(=O)N2N=C(c3ccc(Cl)c(Cl)c3)CC2c2ccc3c(c2)OCO3)cc1OC,1,32.27
C=CCNCCOc1nc(-c2ccncc2)nc2ccc(Cl)cc12,1,29.57
O=C(Nc1ccccc1F)c1cc2c(ncn3c(-c4ccc(Cl)cc4)nnc23)s1,1,33.33
COc1ccc(-c2nc3c(N4CCOCC4)ncnc3n2C2CCCCC2)cc1,1,25.68
O=S(=O)(NCCc1c[nH]c2ccccc12)c1ccc(-c2ccc(OC(F)(F)F)cc2)cc1,1,22.99
CCCCCCC(=NC(=O)C1CC1(C)C)C(=O)O,1,19.53
O=C(C=Cc1ccc(F)cc1)c1nc2ccccc2[nH]1,1,21.46
FC(F)(F)c1ccc(N2CCC(c3nnc4n3-c3ccc(Cl)cc3COC4)CC2)cc1,1,26.1
COc1ccc2c(c1)C(C)(C)C1CCC3(C)C(C(O)CC4C(=O)CCC43C)C1(C)CC2,1,36.01
COC(=O)c1ncccc1F,1,20.16
CC(c1ccccn1)n1cc(CO)nn1,1,26.45
O=[N+]([O-])c1cn2c(n1)OCC(OCc1cccc(-c3cccc(C(F)(F)F)c3)c1)C2,1,22.45
NC(COc1ccc2c(C=O)cc3ccccc3c2c1)Cc1c[nH]c2ccccc12,1,38.27
CC(=O)NC(C)c1ccc(C#Cc2ccc(C)cc2)cc1,1,20.0
Cn1cc(NC(=O)c2nc(-c3ccccc3F)ccc2Cl)cc1-c1cccc(CO)n1,1,38.07
Cc1ccc(C(=NO)N2CCC(C(N)=O)CC2)c(Oc2ccc3ccccc3c2)n1,1,23.14
CCN1CC2CN(C(=O)c3cc4cccc(Cl)c4oc3=O)CC2C1,1,33.52
Cc1cc2c(c(-c3cnn(C)c3)c1)OC(CNC(=O)c1cc[nH]n1)C2,1,27.46
COc1cccc(C(c2nnnn2C(C)(C)C)N2CCN(CC=Cc3ccccc3)CC2)c1,1,21.95
O=C(NCC1CCCCN1)c1cc(Br)c(Br)[nH]1,1,22.7
O=[N+]([O-])c1ccc(-c2nc3c(Cl)ccnc3[nH]2)cc1,1,25.38
COc1ccc(N=c2nc(C)cc(N3CCN(C)CC3)[nH]2)cc1,1,19.83
COc1ccc(CCNS(=O)(=O)c2c(C)[nH]c(C)c2C(=O)N2CCCCC2)cc1OC,1,22.86
O=S(=O)(Nc1ccn(-c2ccccc2)n1)C(F)(F)F,1,27.6
CC1(C)CCCC2(C)C1CCC(C)(O)C2CC(=O)OCc1cn(-c2ccc(F)c(F)c2)nn1,1,31.4
CC(C)C1CCCN1c1nc(SCc2c(O)ccc3ccccc23)nc(N(C)C)n1,1,39.29
Cc1[nH]c2ccccc2c1-c1nc(-c2ccc(F)cc2)c(-c2nc3c(C(N)=O)cccc3[nH]2)[nH]1,1,33.85
Cc1c(-c2cccc(C(N)=O)c2)sc2cc(Cl)cnc12,1,28.18
CCC(C)(C)NC(=O)c1ccccc1NC(=O)Nc1ccccc1,1,28.29
O=C(Nc1cccc2cc[nH]c12)c1cccnc1Cl,1,23.51
CC(C)NC(=O)N(C)CC1Oc2ncc(Br)cc2C(=O)N(C(C)CO)CC1C,1,20.1
CC(C)=CCCC(C)=CCCC(C)=CCSc1nc(N2CCOCC2)nc(N2CCN(C)CC2)c1C(=O)NCC(C)C,1,40.55
COc1cccc(-c2ccc(NC(=S)NCC=O)cc2O)c1,1,36.67
C=CCOc1cccc(NC(=O)Nc2ccc([N+](=O)[O-])cc2)c1,1,23.47
O=C(COc1ccccc1Cl)N1CCN(c2cc(-n3cnnc3)ncn2)CC1,1,30.52
O=C1Nc2ccccc2C12NCCc1ccccc12,1,22.11
O=C(CSC1=NCCS1)N1CCN(c2ccccc2)CC1,1,20.54
COc1ccc(C2=C3OC(C)=C(C)N3C(c3ccccc3OC)C3(Cc4ccccc4C3=O)C23C(=O)Nc2ccccc23)cc1,1,43.54
CC(O)Cc1nc(=O)c2c(CN(C)CCc3ccc4ccccc4c3)c[nH]c2[nH]1,1,40.43
CCn1nnc(-c2nccnc2C(=O)N2CCC(c3ccc(C#N)cn3)CC2)n1,1,29.76
CCCC(NC(=O)c1cnccn1)C(=O)NC(C(=O)N(C)C(=CC(C)C(=O)O)C(C)C)C(C)(C)C,1,34.33
O=C(CCCN1CCN(c2ncccn2)CC1)c1ccc(F)cc1,1,18.54
CCc1cc(OCc2ccc(-c3ccccc3-c3nn[nH]n3)cc2)c2c(n1)CCCC2,1,18.87
CSc1ccc(Oc2nc(C)ccc2C(=NO)N2CCN(C3CCC3)CC2)cc1C,1,24.82
COc1cc2c(cc1OC(C)C)CCn1cc(C(N)=O)c(-c3cncs3)c1-2,1,38.32
O=C(O)CN(CCCCCNC(=O)c1ccccc1Cl)c1ccc(Cl)c(C(F)(F)F)c1,1,38.42
CCN(CCOC)c1nn2c(-c3cccc(OCCCO)c3)nnc2c2ccccc12,1,34.84
CNC(=O)CN1C(=O)C(NC(=O)Nc2cccc([N+](=O)[O-])c2)CC(c2ccccc2)c2cc(Cl)ccc21,1,28.76
Oc1cccc2nc3c(O)cccc3nc12,1,23.43
CC(C)CCOc1ccc(Nc2cnc(=NC3CC3)[nH]c2C(N)=O)cc1F,1,39.56
O=[N+]([O-])c1cccc2ncsc12,1,20.52
O=C(NCc1ccc2oc3ccccc3c(=O)c2c1)c1ccc(S(=O)(=O)N2CCCC2)cc1,1,30.01
COc1ccc(S(=O)(=O)N2CCC(C(=O)NC(C)(C)C)CC2)cc1[N+](=O)[O-],1,27.23
Cc1cc(S(=O)(=O)c2ccccc2)c(C(O)=NO)s1,1,23.66
CC(C)(C)OC(=O)NC(Cc1ccccc1)C(=O)NC(Cc1ccccc1)C(=O)NC(CCCCN)C(=O)NCCc1ccccc1,1,29.04
Cn1cccc1C(=O)OCC(=O)N(CC(=O)NC1CCCCC1)c1ccccc1,1,27.82
COc1cccc2c(CN3CCN(CCOC(=O)c4ccccc4F)CC3)coc12,1,34.63
O=C(C1CCCCC1)N(Cc1cc2c(Cl)cccc2[nH]c1=O)c1ccccc1,1,27.03
COc1ccc(CC2=NOC(C)(C(=O)Nc3ccc(N4CCN(Cc5ccsc5)C4=O)cc3)C2)cc1,1,51.01
CCc1nc(C)nc(-c2c(Cl)c(C)nn2C)n1,1,33.38
CCNC(=O)C(CC(C)C)N1CC(O)CC1=O,1,29.56
C=C1CCC2(C)C(CCC2C(C)CC(=O)C(=C)C(C)CO)C1=CC1=C(C)CC(OC2OC(CO)C(O)C(O)C2O)CC1C,1,48.52
CC(CS)C(=O)N1CCC(CC(O)=NO)CC1,1,22.4
Cc1cccc(C=C2Oc3cc(O)cc(O)c3C2=O)c1O,1,22.95
O=C(NCc1cccnc1)c1ccc(CN2CC(=O)N3CCCCC3C2=O)cc1,1,26.67
CCNC(=O)c1cccc(CNC(CO)c2ccc(-n3ccnc3)cc2)c1,1,36.16
Cc1cccc(=NC(=O)c2ccc(S(=O)(=O)N3CCc4ccccc43)cc2)[nH]1,1,22.87
CC1=CC(C)(C)Nc2ccc(-c3ccccc3F)cc21,1,20.7
COc1ccc2c(c1)Cc1c(C(=O)NCCN(C)C)noc1-2,1,25.83
CCOc1ccccc1NC(=S)Nc1ccc2c(c1)OCCO2,1,22.04
CC(C)(C)c1ccc(-c2nc(=O)c3c4c(sc3[nH]2)CCCCC4)cc1,1,24.26
NC(=O)c1cc(NC(=O)Cc2nc(=O)cc(N3CCOCC3)[nH]2)ccc1Cl,1,23.41
CCOc1ncc(C(=O)N2CCc3ccccc3C2)cc1-c1ccccc1C,1,31.0
COc1ccc(S(=O)(=O)C(=CN2CCCCC2)S(=O)(=O)c2ccccc2)cc1,1,29.28
Cc1ccc2cc(CC(Cc3ccccc3)n3cncn3)oc2c1,1,32.94
Cc1ccc(N=Cc2cc(Br)ccc2O)cc1Cl,1,22.01
O=S(=O)(c1ccc(Oc2ccccc2)cc1)C1CCN(CCc2ccncc2)CC1,1,27.09
COc1ccc(-c2cnc3c(c2)C(=O)N(CC2CCN(C(Cc4ccccc4)C(=O)O)CC2)CC(=O)N3)cc1,1,34.85
O=C(Cc1ccc(F)cc1)NN1C(=O)CSC1c1ccccc1Cl,1,23.15
CC1CN(C(=O)C23CCCC2OCC3)Cc2cc(C#N)cnc2N1,1,31.46
Oc1cc(-c2ccc(Cl)cc2)c(O)n1CCN1CCC(c2c[nH]c3ccc(F)cc23)CC1,1,25.53
Fc1ccc(-c2ccc(NCc3ccncc3)cc2-c2ccc(F)cc2)cc1,1,26.4
COc1cccc(OCC#Cc2ccc(C3CC3NC3CCC(N)CC3)cc2)c1,1,30.8
COc1ccc(COc2ccc(C(=O)O)cc2)cc1,1,19.72
C#CCOc1ccc(C2=CSC3=NCCN23)cc1,1,20.88
COc1cccc(OC)c1C(=O)N=c1[nH]c(-c2ccccc2)c(C(=O)c2ccccc2)s1,1,23.8
CC(C)Oc1ccc2c(c1)CCN=C2c1cc(C(F)(F)F)c(Cl)cc1Cl,1,34.35
COc1cc(C(O)CNC(C)Cc2ccc(C(F)(F)F)cc2)cc(OC)c1OC,1,26.74
CC(C)C(NC(=O)c1ccco1)C(=O)N1CCCCCC1,1,23.07
CC(NC(=O)COC(=O)Cc1n[nH]c(=O)c2ccccc12)c1ccccc1,1,22.8
O=C(NC1CCN(C(=O)CCCCCCCC(O)=NO)CC1)c1ccc2c[nH]nc2c1,1,33.25
N=c1sc(-c2cccnc2)nn1S(=O)(=O)c1ccc(C(F)(F)F)cc1,1,28.05
CN(C)Cc1ccc(N=c2cc[nH]c3cc(-c4ccnn4-c4ccccc4)ccc23)cc1,1,27.4
Oc1cc(C(O)O)cn1CCOc1ccc2ccccc2c1,1,29.31
COc1cc(CC2=Nc3ccccc3NC2(Cc2ccccc2)n2nnnc2-c2ccccc2)cc(OC)c1OC,1,44.73
CCOC(=O)c1sc(=NN=C(C)C(C)C)[nH]c1C,1,22.99
CC(C)CS(=O)(=O)N1CCOC12CCN(CC1CCCO1)CC2,1,34.44
CCOC(=O)c1cccc(N=Cc2ccccc2O)c1,1,23.19
CN(C)C1CCN(c2ncc3ncn(CC(=O)O)c3n2)C1,1,30.01
Cc1ccccc1OCC(=O)Nc1ccc(-n2cnnn2)cc1,1,21.06
Cc1ccc2c3c(=O)n4ccccc4nc3n(CC(=O)c3ccccn3)c2c1,1,34.29
Cc1cc(C)cc(NC(=O)COc2ccc(S(=O)(=O)NCCc3ccccc3)cc2)c1,1,23.5
COc1ccc(C(=O)N2CCN(CCCOc3ccc(C(=O)C4CC4)cc3)CC2)cc1,1,23.27
COC(=O)c1ccc(CC(c2ccc3ccccc3c2)c2cccc3ccc(OC)cc23)cc1,1,40.06
c1ccc2c(c1)nc1n2C(c2ccncc2)SC1,1,18.23
O=c1n(CCCl)nnn1-c1ccc(-c2ccc3[nH]ccc3c2)cc1,1,33.72
COCCN=c1[nH]c(-c2csc(=NC(=O)Cc3cccnc3)[nH]2)cc2ccccc12,1,40.9
O=C(c1ccc(F)cc1)N1CCC2(CC1)NCCc1[nH]cnc12,1,21.82
COc1c(C2CC2)cc(N=c2nc(Oc3ccc4c(-c5cccs5)ncnc4c3)cc[nH]2)cc1N1CCOCC1,1,47.47
CCNC(=O)N=c1ccc(NC(=O)C2CCN(C(=O)CC)CC2)c[nH]1,1,29.92
CC1CCc2c([nH]c(=O)n3ncnc23)C1,1,25.17
O=C(O)C1=C(Cc2ccccc2)CSC2C(NC(=O)c3cc4ccccc4o3)C(=O)N12,1,26.34
Cc1ccc(-c2cc(COS(N)(=O)=O)ccc2C(=O)O)cc1,1,30.22
CC1CC(C)CN(CCCCOc2cc3c(c(Cl)c2Cl)COC(C)(C)C3)C1,1,32.05
CC(=NOC(=O)CCC(=O)c1ccc(Cl)cc1)c1ccccc1,1,28.46
N#CC(=Cc1ccc(Cl)cc1)c1cc(C(N)=O)c[nH]1,1,27.59
OCC1CC2=C(CCC2)N(CCc2cccc(C(F)(F)F)c2)C1,1,28.78
COc1cc2c(cc1OC)C(=O)C(C[N+]1(C)CCOCC1)C2,1,21.96
O=C(Cc1c(Br)[nH]c2cccc(-c3ccccc3Cl)c2c1=O)NC(CC(O)O)C(=O)O,1,47.23
O=C(C=Cc1cc2ccccc2[nH]c1=O)c1ccc([N+](=O)[O-])cc1,1,23.96
O=C(c1ccccc1Cn1cncn1)N1CCCC2(CCN(C3CCCC3)CC2)C1,1,33.71
O=C(NCCN1CCOCC1)c1ccn2nc(-c3ccc(Br)o3)nc2c1,1,25.14
COCCNC(=O)c1ccc(NC(=O)Nc2ccc(-c3nc(N4CC5CCC(C4)O5)c4cnn(C5CCN(Cc6ccccc6)CC5)c4n3)cc2)cc1,1,32.22
O=C1COc2ccc(S(=O)(=O)N3CCC(C(=O)NCc4ccc(F)cc4)CC3)cc2N1,1,21.02
CN1CCN(C(O)c2cc(O)n(-c3ccc(Cl)cc3)c2)CC1,1,21.05
CC(NC(=O)C(=O)NNC(=O)c1nn(C)cc1Br)c1ccccc1,1,32.41
N=c1ccc2ccc([N+](=O)[O-])cc2[nH]1,1,19.25
COc1cc(C)cc2c1C13CCC(O)C=C1C(C2)N(C#N)CC3,1,39.74
O=C(N=c1cc[nH][nH]1)c1cc(Oc2cccc(-c3cn[nH]c3)c2)ccn1,1,32.14
Cc1ccc2cc(CN(C)Cc3ccccc3)c(=O)[nH]c2c1,1,21.22
CCOc1ncccc1CN1CC2(CCN(CCS(=O)(=O)c3cccc(OC)c3)CC2)OC1=O,1,41.61
COc1ccc(OC)c2sc(C(=O)OCC(=O)Nc3cc(C(F)(F)F)ccc3Cl)nc12,1,30.81
Cn1c(=O)ccn(Cc2ccc(Cn3cncn3)cc2)c1=O,1,26.29
CNC(=O)C(N=c1cc[nH]c(-n2cnc3ccc(Br)cc32)n1)C(C)(C)C,1,34.91
CC(=NN=c1scc(O)n1Cc1ccc(OC(F)(F)F)cc1)c1ccccn1,1,24.84
CCCCCCCC(=O)OC(=O)C(CC(C)C)NC(=O)C(CCCC)=NC(=O)Cc1ccccc1,1,46.47
Cc1c[nH]c(=O)nc1SCc1ccc(Cl)cc1,1,20.01
COc1cc(CNC(C)(C)CO)ccc1OCC(=O)NC1CCCCC1,1,23.68
CC(=O)c1ccc(N=c2cc(C)[nH][nH]2)c(C)c1,1,27.0
COC(=O)Cc1c[nH]c2cc(C)ccc2c1=O,1,26.9
CN(C)C1CCCN(CCc2c[nH]c3ccc(-n4cnnc4)cc23)C1,1,24.84
CC(=O)NCCNC(=O)c1cn(C(C(=O)N2CCN(C(=O)OC(C)(C)C)CC2)C(C)C)nn1,1,33.32
CC(=O)N1CC(=O)CC1CNC1CCC(C(F)(F)F)CC1,1,31.9
ClC(Cl)=C(Cl)C1=NCCN1Cc1ccc(Cl)nc1,1,23.44
Cn1ncc(NC(=O)c2nc(-c3c(F)cccc3F)sc2N)c1N1CCCC(N)CC1,1,17.8
Cc1ccc(-c2nnn(CC(=O)N(CCc3ccccc3)C(CO)C(C)C)n2)o1,1,30.26
O=C(NCCSCc1ccccc1F)c1ccccc1Cl,1,21.96
CON(C)C(=O)CCC(C)C1CCC2C3C(C)CC(c4ccccc4)OC3CCC12C,1,38.24
Oc1ccc2c(c1)CCC21C=C(c2ccc(OCCCN3CCCCC3)cc2)c2cc(O)ccc21,1,19.84
CC(=O)N=c1[nH]cc([S+]([O-])Nc2ccc(C(=O)N(C)C)cc2)s1,1,30.36
Cc1n[nH]c2c1C(c1cccc(C(C)(C)C)c1)c1c(ncn1C)NC2=O,1,36.33
COc1ccc(CC(=O)NCC(c2ccc(F)cc2)N2CCOCC2)c(OC)c1,1,24.72
CCCN(Cc1ccc(Cl)cc1)C(=O)c1ccc2ncsc2c1,1,29.37
CN(C)Cc1ccc2[nH]c(-c3nc4cc(F)ccc4[nH]c3=O)nc2c1,1,25.54
CC(=N)N1CCN(C2=Nc3ccccc3Cc3sccc32)CC1,1,29.56
COc1cc(=NS(=O)(=O)c2cccc(C)c2Cl)[nH]c(OC)n1,1,25.48
C=CCn1c(N=c2ccc(=NC(C)C)[nH][nH]2)nc2ccccc21,1,29.36
Fc1ccc(-c2nn(C3CCNCC3)cc2-c2ccc3c(-c4ccc(F)cc4)nncc3c2)cc1,1,29.3
CC(=O)c1c[nH]c2cc(F)c(-c3ccc(F)c(F)c3)cc2c1=NC1CCNCC1,1,30.46
Cc1cc2ccccc2cc1S(=O)(=O)NC(=O)NCC12CC3CC(CC(C3)C1)C2,1,32.21
O=C(NN=Cc1ccc(F)cc1)c1c[nH]c2c(C(F)(F)F)cccc2c1=O,1,20.46
NCCCCCCCCNCCCCCNC(=O)C(c1ccccc1)C1CCCCC1,1,28.22
COc1ccccc1-c1cn(CCCCCC(O)=NO)nn1,1,22.07
Cc1ccc(C(O)c2cccnc2)c(C)c1,1,23.41
CN=c1[nH]ccc2c1nc(-c1ccccc1Cl)n2-c1ccc(Cl)cc1,1,25.46
CN1CCC(C)(c2cnc(-c3cccc(OCCCOc4cccc(O)c4)c3)s2)CC1,1,36.85
N=C(N)NCCCCc1ccc(C(=O)NCC(NS(=O)(=O)c2ccccc2)C(=O)O)cn1,1,32.36
Cc1ccccc1-c1cc(CNCc2ccccc2)ccc1C(=O)NC(CO)CO,1,25.19
CCCCOc1ccc(C(NC(=O)c2cccnc2)C2CC2)cc1,1,29.18
COc1cc(NC(=O)N=c2cc(C(C)(C)C)o[nH]2)ccc1NC(=O)c1cccc(C)c1,1,25.7
CN(C)CCNC(=O)c1cc2cccc(NC(=O)Nc3ccccc3-c3ccccc3)c2[nH]1,1,31.0
COC(CO)c1coc(=O)c(Br)c1,1,27.72
O=C(N=c1[nH]nc(-c2ccc(Oc3ccc([N+](=O)[O-])cc3)cc2)s1)c1ccccc1F,1,24.32
CC(=O)c1ccc(NC(=O)c2cc(-c3cccs3)nc3ccccc23)cc1,1,22.95
CC(C)C(NC(=O)C(CCCc1ccccc1)CC(=O)O)C(=O)NC(Cc1ccc(OCc2cc(Cl)ccc2Cl)cc1)C(=O)O,1,37.28
O=C(COC(=O)c1cc(-c2ccccc2Cl)nc2ccccc12)NC1CCCCC1,1,24.94
COCCNC(=O)CSCc1nc(-c2ccc(OC)cc2)oc1C,1,20.16
COc1ccccc1-c1ccc2c(c1)CC(C)(C)c1cc(C(N)=O)nn1-2,1,27.4
OCC12C=CC(O1)c1c2c(O)n(OCCCOc2ccccc2C2CCCCC2)c1O,1,37.07
Clc1ccc(CNc2cnn3cc(Cl)ccc23)c(Br)c1,1,30.26
CCCN(CCCNC(=O)Nc1cccc2ccccc12)Cc1ccccc1,1,27.28
COCCN1C(=O)CSc2sccc21,1,20.75
CCOc1nc2c(ncn2C2OC(CO)C(O)C2O)c(=NCCc2ccc(OC)cc2)[nH]1,1,28.71
CC(=O)NC(C)C(=O)NC(CCCCNC(C)=S)C(=O)NC(CC(C)C)C(=O)NC(C=O)C(N)=O,1,35.0
CN(C)c1nc2ccccc2c(=NCc2ccncc2)[nH]1,1,23.79
COC(=O)c1ccc(Cl)cc1NC(=O)c1cccc(F)c1,1,22.72
CC1CC(C(C)C)CN(C(=O)C(c2ccccc2)c2cccs2)C1,1,36.1
O=C(c1ccc(Cn2cc(Cl)cn2)o1)N1CCN(c2ccccc2F)CC1,1,24.19
NCC1CCN(c2c(F)cc3c(=O)c(C(=O)O)cn(C4CC4)c3c2Cl)C1,1,20.48
CCCOC(=O)c1c2nc(NCCCN(CC)CC)c(F)cc2c(=O)n2c1sc1ccccc12,1,33.84
O=C(Nc1cccc(-c2ccc(CN3CCOCC3)cc2)c1)c1cn(Cc2ccccc2)nn1,1,27.8
Cc1ccc(CCCCC=CCC=CCCCCCCC(=O)O)cc1,1,25.8
CCOCCCNC(=O)C(C)N1CCN(S(=O)(=O)c2ccccc2F)CC1,1,28.52
O=C(O)c1cnc(N2CCOC3(CCN(Cc4ccc(Oc5ccc(Cl)c(Cl)c5)cc4)CC3)C2)s1,1,33.42
Cc1ccc(-c2csc(=NC(=O)CCC(=O)NCc3ccco3)[nH]2)c(C)c1,1,27.4
COC(=O)Nc1ccc2c(c1)nc(-c1ccccc1)n2-c1ccccc1,1,26.44
CC(CN=c1[nH]c(=Nc2ccc3ncsc3c2)[nH]c2ccc(Cl)cc12)NC(=O)c1ccc(C(C)(C)C)cc1,1,36.56
COc1ccc(S(=O)(=O)N(CC(C)C)c2ccc(CC(=O)NCC(=O)O)cc2)cc1,1,25.78
COCC1CC2(C(=O)OC)CC13c1cc(N)ccc1CC1C2CC3N1C,1,41.44
O=C(NCC(=O)N1CCN(S(=O)(=O)c2ccccc2F)CC1)c1cc2ccccc2o1,1,26.36
Cc1nc2ccccc2nc1C(=O)NCCc1cccc(Cl)c1,1,26.28
CN(C)c1nc(=O)c2c(Cl)c(Cl)cc(Cl)c2s1,1,23.48
CCSc1oc(-c2ccccc2)nc1S(=O)(=O)c1ccccc1,1,20.01
Cc1ccc(N=c2[nH]n3cnnc3c3c(C)csc23)c(C)c1,1,32.29
Cc1ccccc1N1C(=O)Nc2c(n(C)c(=O)n(C)c2=O)C1c1cccs1,1,31.92
CCCCCC(CCCC)(Sc1ccc2nc(-c3ccc(F)cc3)oc2c1)C(=O)O,1,39.35
CN(C)c1ccccc1NC(=O)CC(=O)N=c1nc(-c2cccs2)cc(-c2ccco2)[nH]1,1,41.22
O=C(CNC(=O)c1cccc(C(F)(F)F)c1)NC1CCN(C2CCN(Cc3c[nH]c4ccccc34)CC2)C1,1,24.16
COc1ccccc1N1CCN(c2ccncc2S(C)(=O)=O)CC1,1,25.55
CCn1cc(C(=O)NCCCNC(=O)c2cc3ccc(C)c(C)c3oc2=O)c(=O)c2ccc(C)nc21,1,35.44
Cn1nc2cc(C(=O)NC(=S)NC3CC3C(F)(F)F)c3ccccc3n21,1,52.14
O=[N+]([O-])c1c(-c2ccc3[nH]cnc3c2)nc2n1CCCO2,1,28.92
COc1cc2c(cc1OC)C(c1ccccc1)N(C(=O)CN(C)C)CC2,1,21.58
O=C(C1CCN(C2CCN(C(c3ccccc3F)c3ccccc3Cl)CC2)CC1)N1CCCC1,1,24.54
O=C(Oc1ccc(Cl)cc1Cl)c1cccc(Cl)c1Cl,1,24.4
Cc1cc(C)cc(NC(=O)CC(=O)C2C(=O)CC(C)(C)CC2=O)c1,1,24.99
COC(=O)c1ccccc1-c1cc(C)c2c(c1)C(=O)c1cccc(OCc3ccccc3)c1C2=O,1,33.83
Cc1csc2nc(SCCCN(C)C)n(CCCN)c12,1,37.83
CC1(c2ccccc2)CC2CCC(C1)N2CCCc1ccc(Cl)cc1,1,26.39
CN(C(=O)c1ccc(F)c(F)c1)c1nnc(-c2ccncc2)s1,1,23.61
CCCCN1C=CC(CC(=O)O)OO1,1,27.58
COc1ccc(-c2ccc3nnc(-c4ccc(C)o4)n3n2)cc1,1,24.55
N=c1nc(-n2cnc3cc(Br)ccc32)cc[nH]1,1,22.57
N=C1C(=O)c2c(c(C(=O)O)cc([N+](=O)[O-])c2[N+](=O)[O-])C(=O)C1O,1,32.03
CC(C)(C)OC(=O)NC(Cc1ccccc1)C(=O)OCCSc1nncs1,1,31.25
CC(c1ccc(-c2nc3nc(N4CCN(C)CC4)ccc3[nH]2)cc1)N1CCC(O)(C(F)(F)F)C1C,1,40.99
Cc1cccc(-c2ncnc3c(C(=O)C(=O)N4CCN(C(=O)c5ccccc5)CC4)c[nH]c23)c1,1,24.19
COc1cc2c(=Nc3ccc(Cl)c(Cl)c3F)[nH]cnc2cc1OCCCN1CCCC1,1,24.76
CC1Cc2ccccc2N1C(=O)Cc1ccccc1,1,20.36
N#CCOC(=O)c1cccc(Cl)c1,1,21.58
COC12C=CC(C#N)C=C1C1Cc3cc4cccc(O)c4c(O)c3CC12O,1,38.3
Cc1ccsc1C1c2c(C(C)(C)C)n[nH]c2C(=O)N1c1cccc2ccccc12,1,27.96
Cc1c(O)[nH]c2cc(C=NNC(=O)c3ccncc3)ccc12,1,28.09
O=C(CC1CCC(CC2CCN3CC2CC3Cc2ccccc2)O1)Nc1ccc(F)cc1F,1,39.1
N#CC(=NNc1ccccc1C(F)(F)F)C(N)=O,1,23.71
CCCCCOC(=O)C1C(C)=NC(C)=C(C(=O)OCC)C1c1ccccc1OCc1ccccc1,1,27.69
O=C(NCc1cccc(Cl)c1)C1CCCN1C(=O)C(c1ccccc1)c1ccccc1,1,21.88
COc1cc(CN2CCc3ccccc3C2)cc(OC)c1,1,21.18
C=c1[nH]c(=Cc2sc3nc(N4CCCCC4)[nH]c(=N)c3c2OCC)c(C)c1C(=O)OCC,1,41.07
CC(C)OCCNC(=S)NN1CCN(C(=O)OC(C)(C)C)CC1,1,33.41
O=C(O)CCC(NC(=O)OCc1ccccc1)C(=O)O,1,20.06
CC(=O)N=C1NN(C(C)=O)C(c2ccc(Br)cc2)(c2ccoc2)S1,1,28.19
NS(=O)(=O)c1ccc(-n2nc(C(F)(F)F)cc2-c2cccc(-c3ccsc3)c2)cc1,1,24.5
COc1ccc(-c2nc(-c3ccoc3)c(-c3ccccc3OC)[nH]2)cc1,1,26.64
COc1ccc(C2CC(O)Cc3ccccc3N2)cc1,1,20.28
COc1ccc(NS(=O)(=O)c2cc3c4c(c2)CCN4C(=O)CC3)cc1,1,19.48
COc1ccc(Cc2ccc(OCCn3ccnc3)cc2)cc1,1,20.81
CCC(Cc1cc(OC)c(OCCCNC)c2cccnc12)C(=O)N1CCc2cc(OC)c(OC)cc2C1,1,45.78
CC(=O)NC(C)Cc1ccc(C#Cc2c(-c3cccc(OCc4ccccc4)c3)noc2C)cc1,1,28.63
Cc1cn2nc(-c3cc(N=c4cc(C5CC5)cc[nH]4)ccn3)ccc2n1,1,34.82
N#CCCCn1c(Cn2c(=O)n(-c3ccccc3F)c3ccccc32)nc2ccccc21,1,27.27
CCCc1coc2ccc3c(=O)c(-c4cc(OC)ccc4OC)c(C=CCCCCCCCC(=O)OC)oc3c12,1,51.43
Cc1ccc2c(c1)C1(C(=O)N2)C(c2ccccc2)CN(C)C12C(=O)Nc1ccccc12,1,24.38
CC12CCC(=O)CC1C(=O)CC1=C2CCC2(C)C(C(=O)CN3CCCC3)CCC12O,1,32.91
COc1ccccc1CNC1CCCCC1NCc1ccc(C(C)(C)C)cc1,1,24.38
CCCCCCCCCOc1ccc(C2OC(CC(=O)O)CC2O)cc1CCC(=O)O,1,39.67
Cc1ccc(-c2cccc(C(=O)N3CCC(c4ccc(C#N)cc4)CC3)c2C)cc1,1,24.82
CC(O)(C(=O)N=c1ccc(Cl)c[nH]1)c1nc2ccccc2[nH]1,1,31.68
CC1=CC(C)(C)Nc2ccc3c(c21)C(CBr)Oc1ccccc1-3,1,21.66
CC(NC(=O)C(N)Cc1ccc(O)cc1)C(=O)N1CCCC1C(=O)NCC1CC(Br)=NO1,1,28.09
COc1cc(C=O)ccc1OC(=O)N(C)C,1,21.08
O=C(O)c1cccc(OCCCNc2ccccc2[N+](=O)[O-])c1,1,27.84
CC(C)Cc1cccc(-c2cc(=NC(=O)c3cccc(NC(=O)c4ccccc4)c3)[nH]n2-c2ccc(O)cc2)c1,1,33.28
Cc1ccc(NC(=O)c2ccco2)cc1S(=O)(=O)N1CCCCC1,1,22.53
O=C(Nc1ccc(Sc2cnnc3[nH]ncc23)cc1)c1cccc(C(F)(F)F)c1,1,30.11
O=C(CSc1nnc(-c2cccs2)n1-c1ccccc1)Nc1cccc(Cl)c1,1,22.83
O=C(c1c[nH]nn1)N1CC2CN(C(=O)Nc3ccccc3)c3ccc(-c4ccc(F)cc4)cc3C2C1,1,44.02
O=C(NN=Cc1ccccc1F)c1cccc(Cl)c1,1,22.07
COc1cc(OC(C)=O)cc2c1C(=O)C1=Cc3sc(C(=O)N(C)C)cc3OC1(O)O2,1,44.23
C=CCN=c1[nH]cnc2c1cnn2-c1ccccc1,1,19.37
O=C(Nc1ccc(N2CCN(C(=O)C3CCCCC3)CC2)cc1)c1ccco1,1,21.77
C=C(C)CC1Cc2ccccc2C(CCN2CCC(OC)C2)O1,1,38.7
N=c1oc2ccccc2cc1C(=O)Nc1ccccc1,1,18.32
COc1ccc(C(=O)c2ccncc2)c(OC)c1,1,21.66
O=S(=O)(NC1CCN2CCC(Oc3ccccn3)C2C1)c1ccc(Cl)s1,1,35.51
Cc1cccc(C)c1NC(=O)Cn1c(=O)n(C2CCN(C(=O)C3CCCCC3)CC2)c2ccccc21,1,28.48
CCOC(=O)N1CCN(S(=O)(=O)c2ccc3[nH]c(=NC(C)=O)sc3c2)CC1,1,24.05
CC(C)c1nn2c(=O)cc(COC(=O)c3ccccc3NC(=O)c3ccco3)nc2s1,1,26.14
Nc1ccccc1CNC(=O)c1ccco1,1,25.19
CC(C)(C)c1ccc(-c2ccc(C34CC5CC(CC(C5)C3)C4)n2CC(=O)NCCC(=N)N)cc1,1,30.06
COc1ccc(C(=O)n2cccc2)cc1OC,1,21.99
O=c1[nH]c2cccnc2n1-c1ccc([N+](=O)[O-])cc1,1,20.08
O=C(O)CCc1nnn(-c2ccc(Cl)cc2)c1Sc1ccccc1Br,1,32.58
O=c1nc(SCc2ccc(F)cc2)[nH]c(-c2ccc(Cl)cc2)c1C(F)(F)F,1,25.67
COc1ccc(-c2n[nH]c(=O)[nH]2)cc1,1,19.89
CCCN1C(=O)c2ccccc2NC1c1ccco1,1,21.38
Cc1c(Cl)cccc1NC(=O)CCCn1cnc2ccccc2c1=O,1,22.48
CSC(=S)Nc1ccccc1C,1,19.5
Cc1ccnc(NC(=O)c2cc3c(F)c(F)ccc3[nH]2)c1-c1ccc(F)cc1F,1,43.1
CC(C)(O)c1nc(-c2cccnc2)nc(N2CCCC(c3ccc(C#N)cc3)C2)n1,1,33.03
CCn1c2ccc(C)cc2c2c(=O)[nH]ncc21,1,25.39
N=C1C(=Cc2ccccc2Cl)C(=O)N=C2SCC(=O)N12,1,20.79
O=S1(=O)CCN(Cc2nc(CN3CCOCC3)no2)CC1,1,24.93
O=C(OCC1CCSS1)C1CC=NCC1,1,25.64
CCOC(=O)c1nn(-c2ccc(OC)cc2)c(-c2ccc(F)cc2)c1C,1,24.43
O=C(O)c1c(-c2ccccc2)sc2c1C(c1ccccc1)c1ccc(O)cc1O2,1,31.64
OC(CNCCOc1cccc(Br)c1)COc1ccccc1,1,20.24
O=C(NCc1cccnc1)C1CCN(c2nnc(-n3cccc3)s2)CC1,1,20.51
COc1ccc2[nH]c3c(c(=O)c2c1)CCNC3,1,20.26
O=[N+]([O-])c1cccc(-c2ccc(-c3ccsc3)s2)c1,1,22.4
Cc1ccc(NC(=O)c2ccncc2)c(C(=O)N2CCCc3ccccc32)c1,1,28.44
C=c1[nH]c(=NN=C(C)CC)[nH]c(=C)c1=O,1,30.85
COCc1ccc(N=c2[nH][nH]c3cccnc23)c(C)c1,1,28.71
C=c1[nH]n(-c2ccccc2)c(=O)c1=c1ccc(=c2ccc(=CC(C#N)C#N)cc2)o1,1,35.43
CC(C)(C)OC(=O)NC(Cc1ccccc1)C(=O)OC1CC2C34CC(CC(C3)C1(C)C2(C)C)C4,1,39.53
O=C(Cc1ccccc1)N=c1nc(-c2cccc(C(F)(F)F)c2)s[nH]1,1,26.07
Cc1ccc(-c2cc(C(F)(F)F)nn2-c2ccc(S(N)(=O)=O)cc2)cc1,1,18.36
O=C(O)Cn1c(SCc2ccc(Cl)cc2)nc(=O)c2n[nH]c(-c3cccs3)c21,1,37.5
Cc1cc(-c2ccc3c(c2)OCCN(Cc2ccccn2)C3=O)on1,1,25.85
N=c1[nH]ccn2c(C3CCC3)nc(-c3ccc(Oc4ccc(OC(F)(F)F)cc4)c(F)c3)c12,1,25.53
CCOC(=O)CCn1c(=O)oc2cc(S(=O)(=O)N3CCC4(CC3)OCCO4)ccc21,1,27.9
COC(=O)C1=C(C)N(c2ccc(OC)cc2)C(=O)C1=Cc1cccs1,1,22.08
CC1CCN(CN2C(=O)C(Cc3ccc(O)cc3)=NC2=S)CC1,1,26.36
C=CCc1ccccc1OCC(=O)N1CCCc2ccccc21,1,25.71
CC(C1=NOC(c2cccs2)N(S(C)(=O)=O)C1)=C1CC(=O)C2CCN3CCCC(C3)C12,1,55.42
O=[N+]([O-])C=Cc1c[nH]c2ccccc12,1,18.32
c1ccc2c3c([nH]c2c1)-c1nc(=NC2CCCC2)[nH]cc1CC3,1,23.22
c1csc(-c2ncnc3c2CCN(Cc2ccoc2)CC3)c1,1,21.95
CC1Cc2ccccc2N1C(=O)CN1CCN(C(=O)OC(C)(C)C)CC1,1,24.49
CC(Cc1cccnc1)NCC(O)c1cc(O)cc(O)c1,1,21.93
NC(=O)c1ccc(F)c(-c2ccc(C3CCC(CC(=O)O)CC3)cc2)n1,1,22.54
N#Cc1ccccc1S(=O)(=O)N1CCN(C(=O)c2ccccc2)CC1,1,22.32
Fc1cccc(Cn2ncc3cnc(C4CC4)nc32)c1,1,25.15
CNC(=O)C(Cc1ccccc1)NC(=O)C(CC(C)C)C(Cc1ccccc1)OCC(=O)Cc1ccc(Cl)cc1,1,35.2
COc1ccc2c(c1)OCC(c1ccc(O)cc1)C2=O,1,19.2
CCOC(=O)Cc1csc(=NC(=O)c2cc(C(C)C)n[nH]2)[nH]1,1,25.44
N#Cc1nc(=NC2CCC(O)CC2)nc(N2CCOCC2)[nH]1,1,25.41
CCOCCn1c(=O)c2ccccc2n2c(CCCC(=O)NCCc3ccccc3)nnc12,1,29.71
COc1c(CN2CCOCC2)cc(NC(=NC#N)NC2CCCC2)cc1NC(C)=O,1,35.24
Cc1ccc2oc(C(=O)Nc3ccc4c(c3)C(=O)NC4=O)cc2c1,1,25.6
O=C(CN1C(=O)C(=Cc2cccc(O)c2)SC1=S)Nc1cccnc1,1,26.34
COc1ccnc(N2CCOC3(CCN(S(C)(=O)=O)CC3)C2)n1,1,25.08
COc1ccc(C(Cl)C(=O)NCc2cccnc2)cc1,1,27.46
Cc1ccccc1C(=O)NNC(=S)NC(=O)c1cccc([N+](=O)[O-])c1,1,25.65
CC(=NNC(=O)c1ccncc1)c1cccc(O)c1,1,21.25
O=C(N=c1[nH]c(-c2ccc(O)c([N+](=O)[O-])c2)cs1)C1CC(c2ccc(Cl)cc2)=NO1,1,33.02
Cc1ccc(-c2nn(C)c(=O)c3ccccc23)cc1NS(=O)(=O)c1cccc(C(F)(F)F)c1,1,27.13
CC(=CCc1ccoc1)C1OC(=O)C(O)C2C(c3ccoc3)OC(=O)C12,1,40.38
CNC(=O)c1ccc(C)c(-c2c(NC(=O)c3ccccc3)c(C(=O)NC)n3ccccc23)c1,1,41.0
O=C(CN1CCOC(COc2ccccc2)C1)Nc1cc2ccccc2ccc1=O,1,36.97
Cc1cccc(C)c1OCC(=O)NC1CC(C)(C)NC(C)(C)C1,1,19.89
N=C(N)c1ccc(CNC(=O)C2CCCN2CCCn2cnc3cc(C(=O)NCC(NS(=O)(=O)c4ccccc4)C(=O)O)ccc32)cc1,1,42.01
CC(C)(C)C(N)C(=O)N1CCC(c2cc(-c3nc4ccncc4[nH]3)n(-c3cccc(Cl)c3F)n2)CC1,1,47.62
O=C(CCCn1c(=O)[nH]c2ccccc2c1=O)NCc1ccco1,1,21.41
CCc1ccccc1NC(=O)c1cc(=O)c2ccccc2o1,1,22.38
COc1ccc(Cc2c[nH]c(=O)[nH]c2=O)cc1,1,16.61
O=C(CCCCCCC(O)=NO)Nc1ccc(Cl)cc1C(F)(F)F,1,24.97
CSCC(C)NC(=S)N(C)Cc1cccnc1,1,30.18
COc1cccc(C(=O)Nc2cccc(-c3ccc(OCCN4CCOCC4)nc3)c2)c1,1,28.93
CC(=O)c1cn(C2CCNCC2)nn1,1,19.87
COc1cc(C(NC(=O)C2CCNCC2)c2cccc(NC(=O)c3cnccn3)c2)cc(OC)c1OC,1,34.74
CC(C)C(NCC(N)CS)C(=O)N1CCc2ccccc2C1C(=O)O,1,32.29
Cc1onc(-c2ccccc2)c1COc1ccc(C(=O)N2CCSCC2)cn1,1,20.81
c1ccc(-c2cn3ccccc3n2)cc1,1,16.8
COc1cc2c(cc1OC)-c1[nH]nc(-c3cnc4ccc(Cl)cc4c3)c1C2,1,28.28
CCCCCNC(=O)c1c(O)cc(OC)c(CC)c1OC,1,30.9
c1ccc(CCN=c2ccc(-c3ccnc4ccccc34)n[nH]2)cc1,1,27.73
CC1CN(C(C)CO)C(=O)c2cc(NC(=O)Nc3cccnc3)ccc2OC1CN(C)C(=O)c1ccc(=O)n(C)c1,1,35.81
CCOc1ccccc1CNC(=O)Nc1ccc(C(=O)Nc2ccc(C#N)cc2O)cc1,1,32.23
COc1cc(OC)cc(C(=O)NCC(=O)N2CCN(S(=O)(=O)c3ccc(Cl)cc3)CC2)c1,1,22.53
Cc1ccccc1OCCCC(=O)OC(C)C,1,23.44
CCCOc1ccc2nnc(-c3ccc(C)cc3)n2n1,1,21.39
Cc1ccc(-c2cn(CC(C)(C)O)nn2)cc1N=c1[nH]cccc1C#N,1,31.8
c1coc(-c2cn3ccccc3n2)c1,1,19.05
Fc1ccccc1C1(c2nnc3c(CCN4CCCCCC4)c[nH]n23)CC1,1,35.2
NCC1CCC(C(=O)NCC2CCC(C(=O)NC3CC3)CC2)O1,1,33.52
O=C(O)CC(Cc1ccccc1)(Cc1cc(Cl)cc(Cl)c1)C(=O)O,1,32.12
COC(=O)CNC(=O)Cn1c(=O)c2ccccc2n(Cc2ccccc2F)c1=O,1,27.42
Cc1cc(=N)c2cc(NC(=O)c3ccc(-n4nc5ccccc5c4C)cc3)ccc2[nH]1,1,29.97
CCCC1CN=c2c(n3cccc3c(=O)n2Cc2ccccc2)=N1,1,30.98
CCOC(=O)CCNC(=S)N1CCc2ccccc21,1,25.76
CC1(c2cc(NC(=O)c3ccc(F)cn3)ccc2F)COC(=N)N1,1,21.52
O=C(N=c1[nH]c2ccccc2s1)c1cc(O)c(O)c(O)c1,1,22.42
CCOc1ccc(N=c2ssnc2Cl)cc1,1,17.42
N#Cc1ccc(NC(=O)N=c2[nH]cnc3c2cnn3CCc2ccccc2)cc1,1,26.97
OCCn1cc2c(oc3ccc(C(F)=C(Cl)Cl)cc32)c1O,1,40.89
Cc1c(-c2ccc(-c3ccc(OC(F)(F)F)cc3)o2)[nH]c2ccccc2c1=O,1,21.43
COc1cc(O)c2c(-c3cc(Br)c(O)c(Br)c3)c3cc(Br)c(O)cc3nc2c1Br,1,34.93
COc1ccc(N(C)c2ncc(C(=O)Nc3ccccc3)s2)cc1,1,25.18
Cc1ccccc1C1CC(c2ccccc2)c2[nH]nnc2N1,1,26.79
N=c1sc(=Nc2ccccc2)[nH]c2ccccc12,1,22.59
O=C(c1cc2n(n1)CCNC2)N1CCCC2c3cc(F)ccc3OCC21,1,29.71
C=CCn1c(=O)n(CN(C)S(=O)(=O)c2cc(C)ccc2OC)c2ccccc21,1,40.44
CCCCCCCc1ccc(NCc2ccc(C(=O)O)cc2)cc1,1,23.97
CCCCNC(=O)COC(=O)c1ccc(=NCCc2ccccc2)[nH]c1,1,27.25
Cc1nc(CSc2nc(=Nc3ccc(F)cc3)c3c([nH]2)OC(=N)C(C#N)C3c2ccccc2)cs1,1,33.09
S=C(NCc1ccc(Cl)cc1)Nc1cccnc1,1,18.46
CCCSc1cc(=O)c2cc(OC)ccc2o1,1,24.23
CC(=O)NCCc1cc(CCCc2ccccc2Br)c[n+]2c1[S+]([O-])CCC2,1,42.76
CC1(C)CSC(c2ccco2)N1,1,25.66
O=C1CC(c2cccnc2)Oc2ccc(F)cc21,1,23.12
c1cc2c3c(c1)ccc1ccc4cccc-2c4c13,1,22.88
COc1ccc(C2=NCCN2c2ccccc2)cc1OC,1,21.11
C#CCn1c(=Nc2cccc3[nH]ncc23)ncc2c(N3OC4CCCC3C4)nc(N3CCNCC3)nc21,1,52.86
OCCCCCCOc1ccccn1,1,22.3
Clc1cc(Cl)cc(C2CC3CCC2N3)c1,1,21.2
Cn1c(N2CCOC(c3ccc(C4=CCCCC4)cc3)C2)nc(-c2ccncc2F)cc1=O,1,21.72
Cc1cc(-c2cc(N3CCOCC3C)nc(N3CCC(F)C3)n2)on1,1,27.62
CC=Cc1nccc2c3ccccc3n(CCN)c12,1,26.36
CCCc1nc(CN(C)CC2CCCN(Cc3ccco3)C2)cn1C,1,31.86
COc1ccc(OCC(=O)NNC(=O)c2ccccc2-n2ccnc2)cc1,1,24.16
CN1CCc2cc(Cl)c(O)cc2C1CCc1ccc(O)cc1,1,24.55
CC(C)(C)c1nc(-c2ccc(Cl)cc2)c(N)s1,1,21.81
CCN1CCN(c2oc3c(c2S(=O)(=O)c2ccccc2)CCN(Cc2ccccc2)C3=O)CC1,1,28.84
CC1CN(C)CCN1c1ccc2[nH]nc(S(=O)(=O)c3cccc(F)c3)c2c1,1,29.61
CCC(C)CC1C(=O)C(=O)C=C1OC(=O)c1ccccc1,1,32.85
CNC(C)C(=O)NC(C(=O)N1CCCC1C(=O)NC(Cc1c[nH]c2ccccc12)C(=O)NC12CC3CC(CC(C3)C1)C2)C1CCCCC1,1,36.55
COC1Oc2ccccc2C2C(CO)N(Cc3ccccc3Cl)C12,1,28.18
CN(C)CCCCCCNC1=NC2C=CC=CC2N1,1,27.63
Oc1ccc(CNCc2ccccn2)cc1,1,20.69
CC1CCN(c2nc(=O)c3ccc(=NCCCc4ccccc4)[nH]c3[nH]2)CC1,1,32.76
CC(C)(C)C(O)c1cc(C#CC#Cc2ccc(C#N)cc2)co1,1,35.85
Cc1nc(-c2cccc(Br)c2)c(C(=O)NCc2nccs2)o1,1,33.11
Cc1ccc(NC(=O)NC(C)c2ccc(C#N)c(C)n2)cc1Cl,1,34.96
O=C(c1cccs1)N1CCN(c2cccc(Cl)c2)CC1,1,19.58
O=C1NC(=C2CCc3c2[nH]c2ccccc32)c2[nH]c3ccc(Cl)cc3c21,1,35.75
CC(=O)NC1(c2ccccc2)CCN(CCCc2ccsc2)CC1,1,29.56
CC(=O)c1cc(OC(=O)Nc2ccccc2)cc2c1CC1C3C=C(CCO)CC21CCN3Cc1ccccc1,1,43.51
CCOC(=O)N(OCC)c1nc(OCc2ccccc2)nc(SCc2ccc(C(C)(C)C)cc2)n1,1,35.67
O=C(c1ccc(O)cc1O)N1CCCCc2ccccc21,1,19.44
COC(=O)OC12CCC3C4=CCC(=O)CC4CCC3(C)C(CC1)C2(C)C(=O)O,1,46.11
CC(C)(C)CCC(=O)N=C(NC#N)Nc1ccccc1,1,26.02
CS(=O)(=O)N1CCOC(CN2CCc3sccc3C2)(c2ccccc2)C1,1,34.21
O=C1CCc2c(cccc2OCCN2CCN(Cc3ccccc3)CC2)N1,1,23.32
COc1ccccc1N(CC(=O)NCc1ccccc1)S(=O)(=O)c1ccccc1,1,20.92
O=C1c2ccc3c4c(ccc(c24)C(=O)N1CCCN1CCCCC1)C(=O)N(CCN1CCC(O)CC1)C3=O,1,29.41
CCOc1ccc(C=NNC(=O)c2s[n+](C)c3ccccc23)c(O)c1,1,35.05
CN1CCN(c2cc(Oc3ccc4c(c3)NC(=O)CC4)ccn2)CC1,1,28.68
COC(=O)c1c(-c2ccccc2)c2ccccc2c(=S)n1C,1,26.37
Cc1ccccc1CNCc1ccc(C(=O)O)cc1,1,21.2
COc1ccccc1N1CCN(CCC(OC(N)=O)c2ccccc2)CC1,1,20.66
CCOC(=O)N1CCN(C(=O)c2cc3cc(S(=O)(=O)N4CCCCC4)ccc3oc2=N)CC1,1,30.85
COC(=O)c1ccc2ncc3c(=O)n(-c4cc(C)cc(C)c4)c(=O)[nH]c3c2c1,1,32.56
COc1ccc2nc(C)cc(N(C)CCc3ccc(OC)c(C(N)=O)n3)c2c1,1,40.78
COc1cc(OC)c2c(=O)c3cc(OCC(=O)NCC4CCCCO4)ccc3oc2c1CC=C(C)C,1,36.83
Cc1cn(S(C)(=O)=O)c2ccc(C(=O)N3CCN(CCO)CC3)cc12,1,31.17
Cc1cnn(CC(O)COc2ccccc2-c2ccc([N+](=O)[O-])cc2)c1,1,34.67
c1ccc2c(c1)CCNC2c1ccc2c(c1)OCO2,1,20.32
CCOC(=O)c1ccc(NC(=O)N=c2ccc(C(N)=O)c[nH]2)cc1,1,27.42
O=C(C=Cc1ccc(Br)o1)c1ccc(-n2cccc2)cc1,1,21.5
Nc1ccc2ccc(=NC(=S)NCCN3CCCCC3)[nH]c2c1,1,28.4
CCOC(=O)CC(NC(=O)c1ccc(NC(=O)C(CC)CC)c(OCC(C)C)c1)C(=O)OCC,1,32.95
CCOc1c(OC)cccc1C(O)CNC,1,24.56
CC(N=c1[nH]c(N2CCN(C)CC2)cc(=NC2CC2)[nH]1)c1ccc(Cl)c(NC(=O)c2ccc(NS(C)(=O)=O)cc2)c1,1,46.42
CC(C)CC(N=c1[nH]c(N2CCc3ccccc3C2)nc(=NCCc2ccc(S(N)(=O)=O)cc2)[nH]1)C(=O)NCCOc1ccccc1,1,35.25
O=[N+]([O-])c1ccc2nc(-c3ccoc3)n(CC3COc4ccccc4O3)c2c1,1,32.33
CCSc1ccc(-c2ccc(-c3nc4ccc(C)cn4c3NC3CCCCC3)s2)c2oc3ccccc3c12,1,41.87
CCCC1CN(Cc2ccc(-c3ccc(F)c(Cl)c3)cc2)CC1N(C)C,1,26.74
COc1cccc2cc(CN3C(=O)C(=NOCCS(C)(=O)=O)c4ccccc43)n(CCCC(F)(F)F)c12,1,38.72
COc1cc(C(=O)N2CCCC2)c(F)cc1N=c1nc(OC)c(C2CC2)c[nH]1,1,25.32
O=C(Cc1ccccc1)Nc1ccc2[nH]c(=NC(=O)c3ccnc(N4CCOCC4)c3)sc2c1,1,31.84
Cc1nc(-c2ccccc2)n(-c2nc(N3CCOCC3)[nH]c(=NC3CCCC3)n2)n1,1,28.88
CC(O)(CSc1cccs1)C(=O)Nc1ccc2c(c1)CCC2,1,28.3
COC(=O)c1sc2ccccc2c1NC(=O)Nc1ccccc1C,1,26.15
CNC(=O)c1cccc(C(=O)NC(Cc2ccccc2)C(O)CNCc2ccc(OS(=O)(=O)c3cccc(OC)c3)nc2)c1,1,35.54
CCCCOC(=O)C(N)=Cc1cccc[n+]1COC(=O)C1CSC2C(C(C)O)C(=O)N12,1,49.01
O=C1c2nc(-c3ccccc3)nc(Cl)c2CN1CCN1CCOc2ccccc2C1,1,36.23
O=C(O)c1ccc(-n2c(C(=O)O)nc3cnc4ccc(Cl)cc4c32)cc1,1,33.13
C=CCCCCCCCCC=CCCC(=O)Nc1cccc2ccccc12,1,31.51
COc1cc(N(CC2CC2)c2ccc3ncc(-c4cccn5cccc45)nc3c2)cc(OC)c1OC,1,32.91
O=C(NCc1cccc(F)c1)c1cc(-c2cccs2)nc2c(Cl)cc(Cl)cc12,1,31.02
O=CC=Cc1ccc2c(c1)OC(CO)C(c1cc(O)c(O)c(O)c1)O2,1,21.7
Cc1nc(-c2ccccc2)c2c3c(sc2n1)CC(C)CC3,1,20.71
CNC(=O)Nc1ccc(OCCCNCC(O)c2cccc(Cl)c2)cc1,1,32.17
CCOC(=O)COCC(=O)N1CCN(c2nc3ccc(Br)cc3s2)CC1,1,29.75
O=C(c1nc2ccccc2[nH]1)N1CC(c2nccnc2OC(F)F)C1,1,23.92
O=C(C=C1CCCc2ccccc21)C(F)(F)F,1,23.0
N=C(N)c1ccc(C(=O)NCCC(=O)NC(Cc2ccccc2)C(=O)O)cc1,1,25.3
CC(c1ccc(Cl)cc1)c1nc(-c2ccccc2)nc(=NCO)[nH]1,1,38.35
Cn1c(-c2ccc(C(F)(F)F)cc2)ccc1-c1ccccc1C(F)(F)F,1,22.85
Clc1ccc2c(c1)cc(Br)n2CCCCCNCCCc1ccccc1,1,37.66
COc1ccc2oc(-c3ccccc3)cc(=O)c2c1OCc1cn(Cc2ccc([N+](=O)[O-])cc2)nn1,1,26.81
O=C1Nc2ccccc2C1=Cc1ccc(C(=O)O)cc1,1,18.79
NC(=O)C1CN(C(=O)NCc2nc3ccccc3s2)c2ccccc2O1,1,29.34
Nc1cccc(-n2cc(-c3ccncc3)c(-c3ccccc3)n2)c1,1,22.95
Cn1c(=O)c2c(C(F)(F)F)cc(-c3ccccc3N)nc2n(C)c1=O,1,26.71
Cn1c(Oc2ccccc2)nc2c1c(=O)n(CCCCn1ccnc1)c(=O)n2C,1,27.32
O=c1oc2ccc(CCO)cc2cc1-c1cccc(C(F)(F)F)c1,1,30.09
Cc1nc2ccccc2n(CC(=O)Nc2ccc(Cl)cc2F)c1=O,1,24.28
Cc1cccc(C(=O)NCC2CN(c3ncccn3)CCO2)n1,1,26.07
COc1ccc(-c2csc(=NN=C(C)c3ccc(NC(=O)C(=O)O)cc3)n2-c2ccccc2)cc1,1,31.6
CC(N)=NCCCN(N)C(N)=NC(=N)N,1,28.77
O=C(O)c1nc2c(=NC(CN3CCCCC3)c3ccc(Cl)c(Cl)c3)[nH]c3ccccc3n2n1,1,39.59
COc1cccc2c1[nH]c(=Nc1ccc(C(=O)N3CCN(C(=O)c4ccco4)CC3)cc1)c1nncn12,1,29.82
Cc1cnc(=NS(=O)(=O)c2cc(Br)ccc2Br)[nH]c1,1,26.26
O=C(Cc1ccccc1)Nc1cc(=S)oc2cc3c(cc12)OCO3,1,33.06
Cn1cc(C(=O)Nc2cccnc2)c2ccccc2c1=O,1,22.94
CN(C)CCCNc1c2cccnc2c(-c2ccccc2Cl)c2nn(CCCN=[N+]=[N-])c(O)c12,1,46.25
O=c1oc2ccccc2c2c1cnn2-c1ccc(Cl)cc1,1,20.95
CC(=O)N1CCN(c2ccc(S(C)(=O)=O)cc2F)CC1,1,24.3
O=C1CSc2ccccc2N1Cc1nc(-c2ccc3c(c2)CCO3)cs1,1,29.72
COCc1ccc(C(N)=O)c2[nH]c3ccccc3c12,1,27.47
COc1ccc(OC)c(CCN(Cc2cc3cc4c(cc3[nH]c2=O)OCO4)C(=O)c2ccccn2)c1,1,30.86
O=[N+]([O-])c1ccc(S(=O)(=O)NCCCO)c2nc3ccccc3cc12,1,30.18
Cc1cccc(C(C)NC(=O)c2ccc(NC(=O)N3Cc4ccc(F)cc4C3)cc2)c1,1,26.83
CN1CCN(CCCNC(O)c2cc(O)n(C3CC3)c2)CC1,1,22.53
CC(C)(C)OC(=O)NC(Cc1ccccc1)C(=O)NC(CCCN=C(N)N)C(=O)N1CCc2ccccc2C1,1,30.35
N#Cc1cccc(-c2cnc3ccc(N4CCC(N5CCCCC5)CC4)nc3n2)c1,1,24.16
CN1C(=O)C(C(C)(C)C)CC2Sc3ccc(F)cc3C21,1,29.0
CCCCCC=CCC=CCC1OC1CC,1,23.51
C=CCNC(=O)C(=O)NCC1OCCCN1S(=O)(=O)c1ccc([N+](=O)[O-])cc1,1,28.66
CCOc1ccc(Cl)cc1CNC(=O)c1ccc2ccc(N3CCN(CC)CC3)n2c1,1,34.6
COc1cccc(NC2c3ccccc3C(=O)N2c2ccc(C)cn2)c1,1,24.45
CC(C)(C)c1cc(C(=O)Cc2cccnc2)cc(C(C)(C)C)c1O,1,21.35
CC(=O)ON1C(=S)N=C(Nc2ccccc2)C12C(Cl)=C(Cl)C2Cl,1,35.71
O=C(NN=Cc1ccc(F)cc1)c1ccc(F)cc1,1,19.48
C#CC=CC(=O)NCCCCOc1ccc2[nH]cc(CCN)c2c1,1,34.23
CC(C(=O)Nc1cc(C(F)(F)F)ccc1Cl)c1ccc2oc(-c3cccc(CNC(=O)N(CCCl)N=O)c3)nc2c1,1,46.42
CNCCC1CNCCN1c1ccc(OC)cc1,1,26.65
CC1c2ccccc2-c2cc3ccoc3cc21,1,31.67
COc1cc(C(=O)N2CCN(Cc3cccnc3C)CC2)c(S(N)(=O)=O)cc1OC,1,38.53
CC1CN(c2cccnn2)CCN1C(=O)Nc1ccccc1,1,24.74
Cc1ccc(CNC(=O)COC(=O)c2oc3ccccc3c2C)cc1,1,23.6
CCN(C(=O)CCCCCNC(=O)Cc1cn(C)c2ccccc12)C1CCCc2cccnc21,1,36.54
COC(=O)NC(CC(=O)O)Cc1ccccc1,1,25.73
COc1ccc(-c2csc(=NN=C(c3ccccc3)C(C)C)[nH]2)cc1,1,23.21
NC(CC(=O)O)CC(C(=O)O)C(=O)N=C(CCC(O)OC1CCC1)C(=O)O,1,45.16
COc1ccc(N2CC(NC(=O)Nc3cccc(OC)c3)CC2=O)cc1,1,24.47
O=C(N=C(Cc1cc[nH]c1O)C(O)c1nc2ccccc2s1)C(CC(O)CN1CCCC1COc1ccccc1)CC(O)N1CCOCC1,1,55.79
C=CC=CN(C(N)=O)c1ccc(Cl)cc1,1,29.18
Cc1cccc(=O)n1CCCNS(=O)(=O)c1ccc(F)cc1,1,25.54
COc1cc(N=c2nc(-c3ccc(N(C)C)cc3)cc[nH]2)cc(OC)c1OC,1,21.43
CN(C)CCCN(C(=O)COc1ccccc1Cl)c1nc2ccc(F)cc2s1,1,24.41
O=C(CSc1nc2ccccc2[nH]1)N=c1[nH]c2c(s1)CCCC2,1,22.51
COCC1CCCN1C(=O)c1ccc(C#Cc2ccc(=N)[nH]c2C)c(C)c1,1,29.04
O=C(NC1CCc2oc(CCCO)cc2C1)C(F)(F)F,1,31.5
O=C1c2cc(Cl)ccc2CC1Cc1ccccc1CCOC1(c2ccccc2)CCCCC1,1,43.2
COc1cccc(-c2ccc(CC(NC(=O)C3CCCN3C(=O)C(NC(=O)C(CC(C)C)NC(C)=O)C(C)C)C(=O)O)cc2)c1,1,33.04
CCC(CC)N=c1c(C(=O)NCC(F)C(C)(C)O)c[nH]c2cc[nH]c12,1,26.03
CCOc1ccc(-c2nn(Cc3ccccc3)c(=O)n2Cc2cc(F)ccc2OC)cc1OC,1,37.93
Cc1c(-c2ccc([N+](=O)[O-])cc2)c(=O)oc2cc(N)ccc12,1,27.75
COc1ccc(-c2nc(C#CCOc3ccccc3F)[nH]c2-c2ccc(C)cc2)cc1,1,30.6
CCCCCc1cc[n+](CCCCCCc2cc(CCCCC[n+]3ccc(C)c(C)c3)c(CCCCC[n+]3cccc(C)c3)cc2CCCCC[n+]2ccc3ccccc3c2)cc1,1,31.49
COc1ccc(-c2[nH]c(=NC(=O)CCC(=O)O)sc2C)cc1,1,21.9
CN1N=C(c2ccccc2O)CC1c1cccs1,1,22.57
NS(=O)(=O)c1ccccc1-c1ccc(NC(=O)C(Cc2ccc(C(=O)O)cc2F)NC(=O)Cc2ccc(Cl)cc2)cc1,1,37.27
c1ccc2c(CCNC3=NCCN3CCN3CCOCC3)c[nH]c2c1,1,29.84
CC1(c2cc(NC(=O)c3cc(Cl)ccn3)ccc2F)CC(C(F)(F)F)OC(=N)N1,1,22.49
CC(=O)N=C1C(=O)NC2C(=O)OCC12,1,24.45
Cc1cn(C2CC(O)C(CO)O2)c(=O)[nH]c1=NC(=O)C(C)(C)C,1,25.01
CCc1cc2c(cc1-c1cc(C(F)(F)F)c3c(cnn3C)c1)OCC2CC(=O)O,1,38.91
CCc1noc(-c2nnc3n2CC(CNCc2cccc(C)n2)OC3)n1,1,33.87
Cc1cc(C)c(S(=O)(=O)NCCCN2CCOCC2)c(C)c1,1,19.9
O=C(N=c1[nH]nc2n1CCS2)c1ccccc1F,1,19.57
COc1ccc2sc(=NC(=O)CN3CCCC3Cn3cncn3)[nH]c2c1,1,27.58
O=C(N=c1[nH]c(-c2ccccc2)cs1)c1cc2ccccc2oc1=O,1,20.58
CN(c1ccccc1C(=O)N=c1cc(C(=O)NN)[nH]n1-c1ccccc1)S(C)(=O)=O,1,30.3
O=c1[nH]cnc2c1ncn2-c1ccc([N+](=O)[O-])cc1,1,23.78
COc1ccccc1-c1nc(=Nc2ncccc2C(=O)Nc2ccccc2)c2ccccc2[nH]1,1,32.32
Cc1[nH]c(-n2c(-c3ccccc3)csc2=NC(=O)COc2ccc(Cl)cc2)nc(=O)c1C,1,29.67
CC(=NN=c1[nH]c(-c2ccc(Cl)cc2)cs1)c1ccccn1,1,17.57
CCC1(C(=O)O)CCN(c2nc(=N)[nH]c3c2CCN(c2c(C#N)cc(C(=O)OC)cc2C(F)(F)F)CC3)C1,1,44.82
CN1NC2CC1CN(c1ccccc1)c1ccccc12,1,29.51
CCOC(=O)C(N)(NC(=O)c1ccc(OC)cc1)Nc1ccccc1,1,31.27
O=C(CSc1nc2cc(Cl)ccc2s1)Nc1ccc(F)cc1,1,22.17
CCN(Cc1ccc(CN(C)C)o1)S(=O)(=O)c1ccc(Br)cc1,1,25.66
CCC(=NN=c1nc(C)cc(C)[nH]1)c1ccc(Br)cc1,1,21.97
O=C(COc1ccccc1)Nc1ccc2c(c1)CC1CCC3CCCC(C2)N31,1,31.35
CCn1cc(-c2cc(-c3cccc(C)c3)nc(-c3ccccc3Cl)c2)c(-c2ccccc2)n1,1,33.36
N=c1[nH]c2c(oc3cc(Cl)ccc32)c(=O)n1Cc1ccccc1,1,25.12
O=C(O)Cc1ccc(COc2cccc(-c3ccc(Cl)cc3)c2)cc1,1,26.05
CC(C)Oc1cc(C(=O)Nc2cccc(C(F)(F)F)c2)ccc1NC(=O)c1ccc(=O)[nH]c1,1,30.84
CC1(C)C(NC(=O)c2ccccn2)C(C)(C)C1Oc1ccc(C#N)c(Cl)c1,1,20.66
CC(=O)NN(C(=O)c1cccnc1)C(C)(C)C,1,26.63
O=S(=O)(Cc1ccccc1)c1c[nH]c(CCc2ccccc2)c1,1,27.97
CCOC(=O)Cn1c(O)c(O)c(C(=O)c2ccc(Cl)cc2)c1-c1ccc(OCC)c(C)c1,1,33.94
CCOC(=O)C1CCCN(CCCNC(=O)c2oc3ccc(Br)cc3c2C)C1,1,28.65
N#CC(=Cc1ccccc1OCC(=O)O)C(=O)Nc1ccccc1,1,24.33
COCCCOc1cc(CC(CC(N)C(=O)CC(C)C(=O)NCc2cccc(Br)c2)C(C)C)ccc1OC,1,30.21
CCCCOc1ccc2c(=NS(=O)(=O)c3cn(C)cn3)[nH]n(Cc3ccc(Cl)cc3)c2c1,1,31.53
CCOc1ccc2c(CCn3cnc4c3N=CNCC4O)ccc(-c3ccc(OC)cc3)c2n1,1,34.3
C=CCSc1nc(=Nc2ccc(OC)cc2)[nH][nH]1,1,21.85
O=S(=O)(c1ccccc1)N(CCCCc1ccccc1)c1ccccn1,1,26.21
O=S(=O)(c1ccc2[nH]c(O)cc2c1)N1CCCCC1,1,20.45
CC(=O)N1CCC(c2nccnc2OC2CCCC(N=c3[nH]c4ccccc4s3)C2)CC1,1,28.85
CC(=O)N1CC(=O)Nc2ccc(Cl)cc2C1c1ccccc1,1,19.16
S=C(NCc1ccco1)N1CCN(C(c2ccccc2)c2ccc(Cl)cc2)CC1,1,20.82
O=C(O)c1csc(-n2cnc3ccccc32)n1,1,20.48
CN(C)c1ccc(C=C2SC(=Nc3ccccc3)N(C(C#N)c3ccccc3)C2=O)cc1,1,25.82
CCC(=O)N1CC(Nc2ccccc2)CC1C(=O)N(CCc1ccccc1)Cc1ccccc1,1,33.64
COc1ccc2c(c1)C(=O)N(CCCCN1CCN(c3ccc(Cl)cc3)CC1)C2=O,1,25.21
O=C(O)Cc1csc(-c2ccsc2)c1,1,27.03
COC1C(=O)OC23C1C(O)N(CCOc1ccc(C4Cc5c(C)cc(O)c(O)c5OC4=O)cc1)CC2(O)C(=O)C(C(N)=O)C(=O)C3N(C)C,1,66.95
COc1ccc(N=c2[nH]cc(CN(C)Cc3ccco3)[nH]2)c(C)c1,1,31.34
O=C(C=Cc1ccc(C(=O)Nc2ccccc2)cc1)C=Cc1ccc(-c2ccccc2)cc1,1,29.03
NC(=O)c1ccc(-n2ncc3c(C(F)(F)F)cc(-c4ccc(N5CCNCC5)cc4)nc32)cc1,1,31.72
Cn1nccc1-c1cc(F)cc(Nc2cc(=NC3CC3)c(Cl)c[nH]2)c1,1,33.12
Cn1c(-c2cc(-c3ccccc3)c3c(n2)-c2cc([N+](=O)[O-])ccc2CC3)nc2ccccc21,1,33.03
COc1cccc(-c2cc(-c3ccc(Cl)cc3)c(C#N)c(=N)[nH]2)c1,1,23.14
CNC1CCc2cc(OC)ccc2C1N(C)CCCc1ccccc1,1,27.83
Cn1cc(Cl)c(C(=O)NNC(=O)Nc2ccc(Cl)c(C(F)(F)F)c2)n1,1,27.42
O=C(Nc1ccc(Oc2ccnc3[nH]ccc23)c(F)c1)c1ccccc1-c1ccccc1,1,24.19
CC1(C)CCc2c(sc(NC(=O)c3ccc[nH]c3=Nc3cnccn3)c2C(N)=O)C1,1,28.4
C=C1CCCC2(C)CCc3c(ccc4[nH]c(=NCc5cn(-c6ccccc6)nn5)sc34)CC12,1,41.01
CC(C)(C)Cc1ccc(C#N)cc1F,1,24.86
CCOC(=O)N1CCN(S(=O)(=O)c2ccc(OCc3cccc(F)c3)cc2)CC1,1,26.74
O=c1[nH]oc(=O)n1CCN1CCN(c2ccc(C(F)(F)F)cc2)CC1,1,30.44
CCn1cc(C#CCN2C(=O)N(Cc3ccc4c(c3)OCOC4)OCC2Cc2ccccc2)c2cc(C(=O)N(C)C)ncc21,1,46.23
CCCCN=C(c1ccc(Cl)c(Cl)c1)c1c(O)csc1O,1,30.83
O=c1nc(N2CCCNCC2)ccn1Cc1nnn(-c2ccc(C(F)(F)F)cc2F)n1,1,37.44
COc1ncc(-c2ccc3ncc(-c4cnn(C)c4)nc3c2)cc1NS(C)(=O)=O,1,25.89
ON=Cc1ccsc1-c1cn(-c2ccccc2)nc1-c1ccc(Br)cc1,1,28.59
O=[N+]([O-])c1cc(Cl)cc2cccnc12,1,19.71
COc1ccc(CNC(=NO)c2cccnc2OCc2cscn2)cc1,1,25.64
CCOC(=O)Cc1cccc(NC(=O)C2OC(CO)C(O)C(O)C2O)c1,1,28.58
CCC(CCc1ccccc1)NC(=O)c1cc(=O)c2cccc(CN)c2o1,1,35.57
C[n+]1ccccc1C1OC(CO)C(O)C(O)C1O,1,21.83
CCOc1ccc(-n2nc3c(N4CCCC(C(=O)Nc5c(C)cccc5C)C4)nnc(C)c3c2C)cc1,1,24.72
Cc1ccc(C(=O)N=c2cc[nH]cc2)cc1-c1ccc(C(N)=NO)cc1,1,25.56
Cc1ccc(-c2csc3ncn(Cc4ccc(F)cc4)c(=O)c23)cc1,1,22.06
O=C(NC(Cc1cccnc1)C(=O)c1ccccc1)c1ccc(F)cc1,1,30.06
OCCCN=c1[nH]nc(-c2ccccc2)o1,1,21.59
O=Cc1cn(-c2cccc3ccccc23)cc1-c1nc2ccccc2o1,1,33.59
O=C(O)COc1ccc(N(Cc2ccc(Oc3ccccc3)cc2)S(=O)(=O)c2ccc(Cc3cccs3)cc2)cc1,1,37.85
O=c1c2ccccc2[nH]c2ncc(CCCCO)cc12,1,28.34
C=C(C)c1ccc(Oc2cccc3[nH]c(=O)[nH]c23)c(C)c1,1,29.64
C[n+]1cccc2c(-c3ccc(C=NNC4=NCCN4)cc3)cccc21,1,26.73
O=[N+]([O-])OC=CCCNC1OC(CO)C(O)C(O)C1O,1,32.41
O=C(c1ccc(Cl)c(S(=O)(=O)N2CCOCC2)c1)N1CCN(c2cccc(Cl)c2)CC1,1,22.02
CCN1CCN(CCCNCc2ccc(Cl)c(Cl)c2)CC1,1,21.92
CN(Cc1cnn(-c2ccccc2)c1)Cc1c[nH]nc1-c1ccc(-n2ccnc2)cc1,1,28.42
CN(O)C=CC(=O)c1cccc([N+](=O)[O-])c1,1,21.88
C=Cc1ccc(NCc2ccc3[nH]c(=N)[nH]c(=N)c3c2)cc1Cl,1,29.79
Cc1ccc2c(c1)C1CC3CCCCC4CC(CCN4C3)N1CC2,1,36.19
COc1cc(NCCCC(NC(=O)Cc2ccsc2)C(=O)NC(C=O)CCCN=C(N)N)c2ncccc2c1,1,40.82
CCOC(=O)C12CC1C(=CC(=O)O)c1ccccc12,1,33.19
COc1ccc(CN(C)CC(=O)NCc2cc(C)c(OC)c(C)c2)cc1,1,28.84
COc1ccc(-c2c(-c3cccnc3)[nH]cc(Cl)c2=O)cc1,1,27.91
CCCCC(=O)NC1CCN(CC(C)=Cc2ccccc2)CC1,1,25.82
COc1ccc(C2=NN(N=Nc3ccc(Cl)cc3)C(=O)C(C#N)C2c2ccsc2)cc1,1,37.62
Cc1[nH]c(=Nc2nc(=O)c3c([nH]2)CCC3)sc1COCc1ccco1,1,39.32
Cc1cc(C)c(-c2[nH]c(C3(C)COC3)nc2C)cc1C(=O)N1CCC(c2ccc(C#N)cc2)CC1,1,21.72
COc1nc(=NC2C(O)C(O)C(CO)C(O)C2F)nc(OC)[nH]1,1,24.6
Cn1nnnc1SCCSc1nnc2ccccc2n1,1,30.23
O=C1OC(=O)c2cc(S(=O)(=O)Nc3ccccc3)cc3cccc1c23,1,25.8
O=C1OCc2cc(-c3cc(-c4cccs4)no3)ccc21,1,25.65
Cc1ccccc1C,1,15.76
O=C(NCc1ccncc1)c1cccc(S(=O)(=O)Nc2ccc(-c3ccc(N4CCCC4)nn3)cc2)c1,1,28.06
CC(C)CCn1c(C(=O)NCc2ccc(N)cc2)cc2ccccc21,1,27.49
COc1ccc(CN(CC(=O)NCCCC(=O)NC2CC3CCC2C3)c2ccc(Cl)c(Cl)c2)cc1,1,40.5
CCCNC(C=S)NCCCCC1CCCc2cc(OC)ccc2C1,1,37.04
Cc1nc(-c2ccccc2C#N)sc1-c1nc(N2CCNCC2)c2ccccc2n1,1,35.06
O=C(Cn1nnc(-c2ccc(Cl)cc2)n1)c1ccc(Cl)c(Cl)c1,1,23.89
CC1C=C(C(=O)Nc2ccc([N+](=O)[O-])c(C(F)(F)F)c2)CN1C1CCC1,1,34.89
Fc1cccc(N2CCC3(CC=C(c4ccccc4)OO3)C2)c1,1,31.99
C=C(C)C1CCC(C)(O)c2cc(C(C)(C)C(=O)OCC)oc21,1,41.3
O=C(CC1C=CC(CN(Cc2ccccc2)Cc2cccnc2)C(CO)O1)NCCc1ccc2c(c1)OCO2,1,41.42
CC(C)N1CCC(n2cnc3ccc(-c4cccc(Cl)c4)cc32)CC1,1,28.85
C(=Nn1cnnc1)c1ccc(OCc2ccccc2)cc1,1,16.77
Cc1c(C(=O)N2CCCCC2)nc(-c2ccccc2)n1-c1ccc(F)cc1,1,24.62
O=C1CSC2(C(=O)Nc3ccccc32)N1c1ccccc1,1,18.25
CC1=CC(O)C(O)C(C)O1,1,21.68
c1cc(-c2cncs2)nc(=Nc2ccc3cc(CN4CCCC4)cnc3c2)[nH]1,1,27.79
COc1ccc(C(=O)OCCCNCc2cc3ccccc3nc2Cl)cc1OC,1,33.49
O=C1CCCN1CC[S+]([O-])CC(=O)N1CCCC(N2CCN(c3cccc(Cl)c3)CC2)C1,1,36.23
Cc1nc(=Nc2ccc(OC(C)C)c(F)c2)[nH]c2ncc(=O)n(CC3CC(=O)N=CCN3)c12,1,42.22
COC(=O)c1ccc(COc2ncnc3[nH]cnc23)cc1,1,23.45
N=C(N)NCc1ccc(-c2nccs2)cc1,1,25.88
COc1cccc(COC(=O)c2nc(-c3ccccc3)n3ccccc23)c1F,1,31.91
CCOC(=O)C(c1ccccc1)C(CCNC12CC3CC(CC(C3)C1)C2)c1ccc(-c2ccccc2)cc1,1,40.6
CCCCCCCCCCCCCCNC(=O)C[N+](C)(CC)CC,1,23.72
C=C1CC(C)(C)OC1=O,1,18.02
Cc1noc(C)c1CS(=O)(=O)N1CCOCC1,1,22.83
CC(C)CC(N)C(=O)OCC1C(=O)N2C(C(=O)O)=C(COc3ccc(Cc4sc(=O)[nH]c4O)cc3)SC12c1ccc(N)cc1,1,43.35
O=C1COc2ccc(CNCC3(F)CCN(C(=O)c4ccc(F)c(Cl)c4)CC3)nc2N1,1,22.68
COc1ccc(OC)c(NC(=O)Cn2c(COc3ccc(F)cc3F)nc3ccccc32)c1,1,29.23
Cc1ccccc1-c1cc(C(=O)O)c2ccccc2n1,1,21.39
CN(c1ccc(Br)cc1)c1ncnc2ccccc12,1,19.91
CCC(C)Sc1nc2cc(Cl)ccc2s1,1,23.91
Cn1c(CCC(=O)Nc2cccc3ccccc23)n[nH]c1=S,1,27.11
O=C(Cc1cccc(F)c1)NS(=O)(=O)c1ccc(F)c(Cl)c1,1,27.93
C=CC(=O)Nc1cccc(-n2c(=O)n(C)c3cnc4ccc(-c5cnc(N(C)C)nc5)nc4c32)c1,1,30.81
CCOC(=O)CC(C(=O)O)c1cc(-c2ccccc2)n(C=Cc2ccccc2Cl)n1,1,39.22
N=c1[nH]c(=O)c2ncn(C3OC(C[n+]4ccccc4)C(O)C3O)c2[nH]1,1,24.25
CC(C)c1c(S(C)(=O)=O)nc2c(C(N)=O)cccc2c1-c1ccc(Cl)cc1,1,34.03
CN=c1ncc2ncn(C3OC(CO)C(O)C3O)c2[nH]1,1,22.49
C#CCOc1nc(-c2ccccn2)ncc1Oc1cccc([N+](=O)[O-])c1,1,33.92
CC(=O)NC(Cc1c[nH]cn1)C(=O)NC(CC(C)C)C(=O)N1CCCC1C(=O)NC(C)C(=O)OC(C)(C)C,1,36.69
CCCCCCCCC#CCCCC(O)C(COC1OC(CO)C(O)C(O)C1O)NC(=O)C(CC(C)C)NC(C)=O,1,36.4
COc1cccc(C=NN=Cc2ccccc2OC)c1,1,23.54
COC(=O)C(Cc1ccc(Br)cc1)=NC(=O)CCc1ccc(O)c(O)c1,1,23.89
O=C(Nc1ccc(Cl)cc1)N1CC2CCC(C1)N(C(=O)CCCCN1CCN(c3ccccc3)CC1)C2,1,34.3
Cc1ccc(SCC(=O)OCC(=O)N2CCOCC2)cc1,1,21.66
N=c1[nH]c(Cc2cccs2)nc2c1nnn2Cc1cccc(Cl)c1,1,24.89
Cn1c2c(c3ccccc31)CCC1C(=O)N(C3CCN(CCC(C)(C)C)CC3)CC(=O)N21,1,33.97
CN(CC(=O)O)Cc1cn(Cc2cccc(C(F)(F)F)c2)c2ccccc12,1,28.94
COc1ccc(CN2CCN(S(=O)(=O)c3cc(C)c(C)cc3OC)CC2)cc1,1,25.28
CC(C)=CC(C=NO)c1c(O)cccc1OC(C)(C)C(=O)O,1,45.12
Cc1ccc(=Nc2ccc(C3CNCCO3)cc2)[nH]c1,1,19.73
CC(Oc1cccc(-n2[nH]c(=NC(O)c3c[nH]c(O)c3)cc2-c2cccc(OC(F)F)c2)c1)C(=O)O,1,30.5
O=C(CCC(CCCCc1nnnn1Cc1ccccc1)c1ccccc1)Nc1ccccc1,1,36.5
COC(=O)CCC(=O)N1Cc2cccc(Cl)c2C(c2ccc([N+](=O)[O-])cc2)C1,1,35.29
c1ccc(-n2ncc3c(N4CCN5CCCC5C4)nc(N4CCCC4)nc32)cc1,1,27.94
O=C(O)C(Cc1ccccc1)N1Cc2ccccc2C1c1cccs1,1,27.38
CCc1ccc(OCCCOc2ccc(OCc3ccc(F)cc3)c(C)c2)cc1-c1oc(=O)[nH]c1O,1,36.91
Cc1cc(=NN=Cc2ccc([N+](=O)[O-])o2)[nH]c2ccccc12,1,21.27
NC(=O)c1ncc(C(=O)N2CCN(S(=O)(=O)c3ccccc3)CC2)s1,1,30.04
O=C(O)c1csc(-n2ccc(-c3ccc4c(c3)OCO4)cc2=O)n1,1,25.14
O=C1c2ccccc2CC12C(=O)c1cc(Cl)ccc1C21OCCO1,1,27.18
CCCCCN(C(=O)C=CC(=O)N(Cc1ccc2c(c1)OCO2)c1nccs1)c1ccc(OC)cc1,1,34.05
COc1ccccc1CCNC(=O)C(C)Oc1ccccc1OC,1,25.86
N#CC1C(c2cccc(C(F)(F)F)c2)=NOC12C(=O)c1ccccc1C2=O,1,27.96
COc1cccc(CNC(=O)c2cnc3c(-c4cccc(Cl)c4)c(C)nn3c2C)c1,1,26.45
CC1(C)C=C(CO)C=C(N2CC2)C1,1,24.36
CC(=O)c1ccc(NC(=O)Cc2cccc3c2ccn3C)cc1,1,28.86
COc1cc(C=C2COc3cc(O)ccc3C2=O)ccc1O,1,20.52
O=C(Cc1ccccc1)Nc1ccc2[nH]c(=NC(=O)c3ccccc3F)sc2c1,1,25.09
O=C(Cc1ccc(Cl)cc1)N1CCC(c2nc(-c3cccnc3)no2)CC1,1,22.13
CCOC(=O)c1c(OC)c2ccc(OC3OC(COC4(C)CC5(C)CCC4OO5)C(O)C(O)C3O)cc2oc1=O,1,40.68
Cc1cccc(OCc2n[nH]c(=NC(=O)C(C)Oc3ccccc3)s2)c1C,1,28.97
CC1CN(c2ccccc2)CC(C)N1,1,16.86
CC(=O)N1N=C2c3ccccc3S(=O)(=O)CC2C1c1ccc(F)cc1,1,25.67
CC(C)(C)OC(=O)N1CCCC1c1nc2ccc(-c3ccc(-c4ccccc4)cc3)cc2s1,1,27.88
c1ccc(-c2nnc3ccccn23)cc1,1,18.6
CCCCCCC1(c2ccccc2)OC(C)C(=O)NC1=O,1,27.02
COc1cc2[nH]cnc(=Nc3ccc(C#N)c(-c4cccc(F)c4)c3)c2cc1OCCCN1CCN(C)CC1,1,28.69
COC(=O)c1cc(-c2ccccc2)sc1NC(=O)CCCC(=O)O,1,24.27
Cc1ccc(C(=O)NNC(=O)c2ccc(Oc3ccccc3)cc2)o1,1,26.89
CN(C)c1ccc(OC(=O)c2ccc3cc(C=CCN4CCCC4)cn3c2)cn1,1,46.82
CCN1CCSc2ccc(C(=O)Nc3cccc(C(C)=O)c3)cc21,1,24.74
O=C(O)c1cc(COc2ccccc2)ccc1O,1,22.75
Oc1cc2c(cc1O)C1CCCNC1CC2,1,18.45
CCC(=O)Nc1cccc(-c2nn3c(-c4ccc(Cl)s4)nnc3s2)c1,1,29.42
CC1(C)Oc2ccc(CN(Cc3nnnn3Cc3ccccc3)C3CCCCC3)cc2O1,1,29.59
CC1(C(=O)OCCN2CCN(C3c4cc(C#N)ccc4OC(C)(C)C3O)CC2)CCCCC1,1,33.08
COc1cccc(C2CC(=O)Nc3cc4c(cc32)OCO4)c1,1,18.48
COc1ccc(C2CC(=NN3CCN(C)CC3)C(C)C(c3ccc(OC)cc3)N2)cc1,1,25.5
O=C1OCCC1Sc1nnc(-c2cccc(F)c2)n1C1CCCCC1,1,27.05
Cn1cc[nH]c1=NC(=NCCC#N)Nc1ccccc1,1,32.32
CC1(C)CN(Cc2csc(Cl)n2)C(=O)C1Oc1ccc(F)cn1,1,30.99
O=C(C=Cc1ccc(O)c(O)c1)OCC1CN(c2ccc(-c3ccc(-c4csnn4)nc3)c(F)c2)C(=O)O1,1,35.85
CCc1cc2ccc(OC3CC(C)(C)C(O)C(OC)C3O)cc2oc1=O,1,31.9
CS(=O)(=O)N1CCc2ccc(-c3ccc(F)c(C#N)c3)cc2C1,1,27.61
CCOc1cc(C=NNS(=O)(=O)c2ccccc2)ccc1O,1,21.11
NCC(c1ccccc1)C1CCCCC1,1,18.93
Cc1c2c3c(n[nH]c3c3[nH]c4cccc(OC(=O)c5ccccc5)c4c13)C=CN2,1,41.95
Cc1ccc2nc(-c3ccc(C#N)c(F)c3)oc2c1,1,26.93
NC(=O)NC(C(=O)NC1CCN(S(=O)(=O)c2cccc(Cl)c2)CC1)c1ccccc1,1,31.33
COc1ccc(C(=O)Nc2ccccc2C(=O)NCCCc2ccccc2)c(OC)c1OC,1,28.12
CC1(C)OC(=S)Nc2ccc(-c3ccc(Cl)cc3)cc21,1,16.9
OCc1ccccc1C#Cc1cn(C2CC(O)C(O)C(CO)O2)nn1,1,31.19
COc1ccc(C=NNC(=O)c2sc(-c3ccccc3C)nc2C)cc1,1,23.62
COc1ccc(CN(Cc2cccc(OC)c2)Cc2ccccc2Cc2ccccc2)cc1,1,31.54
Cc1noc(C(C)C)c1C(=O)N1CCN(c2cc(C(C)C)on2)CC1,1,32.54
C=CCn1c(N2CCN(C)CC2)nc2ccccc21,1,19.36
CC(C)c1cccc(Oc2cc(C(=NO)NC3CCCCC3)ccn2)c1,1,19.69
O=C(Nc1ccc(Oc2ccc(-c3ccccc3)cc2)cc1)C1OC1c1cccnc1,1,30.74
CC(=O)c1ccc2cccc3c2c1C1Oc2ccccc2C1SC3,1,41.16
CCN(Cc1coc(-c2ccccc2)n1)c1ccc(OC)cc1,1,19.97
Cc1c(NC(=O)c2c[nH]c3ccccc3c2=O)c(=O)n(-c2ccccc2)n1C,1,25.38
Cc1nn(-c2ccccc2)c2ccc(-c3nnc(SCC(=O)c4ccccc4)n3N)cc12,1,29.05
O=C(c1ccc(CSCc2cccc(Cl)c2)cc1)N1CCC(N2CCCCC2=O)CC1,1,30.26
CCCN1CCCC2Cc3ccc(O)c4c3C3(CCC(=O)CCC(=O)C3O4)C21,1,37.51
Cc1c[nH]c(=N)c(C(=O)N2CCC(NC(=O)c3ccccc3)CC2)c1,1,31.26
CN1COc2ccc(NC(O)c3cc(Cl)ccc3Cl)cc2C1=O,1,32.02
O=C(NCCN1CCCCC1)c1cc(-c2ccc(F)cc2)on1,1,22.11
O=C(NCCN=c1[nH]c2c(n3cccc13)CCC2)c1ccccn1,1,35.02
Cc1[nH]c2cc(NC(=O)Nc3ccccc3)ccc2c1-c1nc2ccccc2[nH]1,1,31.77
CC(=O)c1ccc(N(C(=O)c2ccco2)C(C(=O)NCC2CCCO2)c2cccs2)cc1,1,28.99
Cn1cc(N2C(=O)c3c(n(C)c4ccc(S(=O)(=O)N5CCCC5CF)cc34)C2c2ccc(F)cc2F)cc(Cl)c1=O,1,42.58
Cc1ccccc1-c1ncn(CCCCNC(=O)Nc2cc(C(F)(F)F)cc(C(F)(F)F)c2)c1-c1cccs1,1,35.17
Cc1ccc(-c2nn3c(=O)cc(CSc4nnc(Cc5ccccc5)o4)nc3s2)cc1,1,28.85
C1=NNc2ccccc2C1,1,20.57
CCSc1ncc(Cl)c(C(=O)NC2CCS(=O)(=O)C2)n1,1,25.07
O=c1c2c(-c3ccc(C(F)(F)F)cc3)csc2[nH]c(=S)n1-c1ccc(Cl)cc1,1,26.49
CC(C)CCn1ncc2[nH]c3c([N+](=O)[O-])cc4ccncc4c3c21,1,40.33
CCCCC(c1c(O)[nH]c(C)cc1=O)c1c(O)ncc2ccccc12,1,30.46
CN(C)c1ncnc2c1ncn2Cc1ccc(CN2CCCC2)cc1,1,24.48
COC(=O)C(Cc1ccccc1)NC(=O)OC1CCOC1=O,1,24.21
S=c1[nH]ccn1C1CCN(Cc2ccccc2)CC1,1,20.61
Fc1ccc(N=c2[nH]cccc2-c2ccccn2)cc1,1,23.18
N#Cc1cc2c3cccc2n1-c1cccc(Cl)c1CCN3C1CCCCC1,1,49.42
CCC(C)NCC(O)COc1ccc(CCCOc2ccccc2)cc1,1,23.73
CCOC(=O)C(C#N)=Cc1cc([N+](=O)[O-])ccc1N1CCOCC1,1,23.54
CC1CCCCC1=NN=c1[nH]c(-c2cc3ccccc3o2)cs1,1,22.81
CC(C)(C)C#Cc1cncc(-c2ccc3c(c2)S(=O)(=O)CCNC3=O)c1,1,34.33
CCOc1ccc2c(c1)C(c1ccccc1)N(c1cccc(C(=O)OC)n1)C(N)=N2,1,34.35
Cc1nc2ccccc2c(=O)n1N=Cc1cn(-c2ccccc2)nc1-c1ccc(Br)cc1,1,20.78
CC(=CN=C(N)N)c1ccccc1-c1ccccc1,1,27.44
N#CC=C1CCC(=S)N(C2CCN(CCCn3nc(-c4ccc(C(F)(F)F)c(SCCC5CCCO5)c4)c4cccc(Cl)c43)CC2)C1,1,57.94
O=C1c2ccccc2-c2nnc(-c3ncco3)cc21,1,21.33
COC(=O)N1CCC2(C1)CN(c1ccc(N3CCOCC3)cc1F)C2,1,31.69
CC1=Nc2c(C(=O)NCc3ccc(F)cc3)cnn2C(c2ccc(Cl)cc2)C1C(=O)Nc1cccnc1,1,26.56
CCSc1c(Cl)[nH]c(N2CCOCC2)nc1=Nc1cccc(C)c1,1,27.46
Cc1ccc(S(=O)(=O)N2CCCC2)cc1NC(=O)CN1CCC(C(C)(C)C)CCC1=O,1,30.61
CCOC(=O)C(C)(N=c1ccc(Br)c[nH]1)Nc1scc(-c2ccc(OC)cc2)c1C(N)=O,1,33.2
O=C(NC1CCCC1N=c1cnc2ccccc2[nH]1)C1CCOC1,1,30.61
COc1cccc(CN2CCCC(CNS(=O)(=O)c3cccc4nsnc34)C2)c1,1,26.15
COCC(C)NCC(O)COc1ccc(C(=O)C(C)N(C)C)cc1C(C)=O,1,40.07
COc1ccc(CC=NC(=O)Cc2cccs2)cc1,1,24.09
Cc1cccc(C(=O)N2Cc3ccccc3CC2C(=O)Nc2ccc(S(=O)(=O)N3CCCC3)cc2)c1,1,29.07
CC(C)c1ccc(NC(=O)N(C)Cc2nc3c(nc4ccccn43)c(=O)[nH]2)cc1,1,35.57
OCCN1CCN(CC(O)Cn2c3ccccc3c3ccccc32)CC1,1,19.02
O=C1CC(c2c(Cl)cccc2Cl)CC(=O)C1Sc1ccc(Cl)cc1,1,19.27
COc1ccc(NC(=O)Nc2cc(C)ccc2C)cc1OCCN1CCC(CO)CC1,1,31.97
COc1ccc(Sc2ccc(NC3=NC(N)=NC(C)(C)N3)cc2)cc1,1,24.2
CCC1(CC)CC(COC(=O)c2ccccc2C(=O)c2ccccc2)OC1=O,1,26.96
OCC(O)c1ccc(-c2ccc(F)cc2)cc1,1,21.38
N=c1[nH]cnc(N2CCN(C(CNS(=O)(=O)C(F)(F)F)Cc3ccc(F)cc3)CC2)c1Br,1,30.56
FC(F)(F)c1ccc2nc(N3CCCCC3)oc2c1,1,23.23
CN(C)c1ccc(NC(=O)Nc2ccc3sc(-c4cccs4)c(N(C)C)c3c2)cc1,1,36.57
O=C(CSc1nnc(-c2ccncc2)n1-c1ccccc1)N1CCCCC1,1,19.68
O=c1[nH]c2ccc(Cl)cc2n1C1CCN(C2CCN(Cc3cccc(C(F)(F)F)c3)CC2)CC1,1,24.17
Cc1ccc(-c2cc(=NC(=O)c3ccc(C)s3)o[nH]2)cc1,1,23.61
CCOC(=O)c1sc2ncn(CC(=O)Nc3cccc(CC)c3)c(=O)c2c1C,1,24.69
O=S(=O)(Cc1ccccc1)NCCc1csc2nc(-c3ccccc3)nn12,1,23.58
CCOC(=O)c1c(C(F)(F)F)[n+]([O-])c2cc(F)c(F)cc2[n+]1[O-],1,21.75
CC(C)CC(C=O)NC(=O)C(COC(C)C)NS(=O)(=O)c1ccc(Br)cc1,1,30.54
COc1cccc(C(=O)Nc2cc(NC(=O)c3ccccc3)cc(C(=O)NCCN)c2)c1,1,34.6
N#Cc1ccc(CN2CC3CN(Cc4ccncc4)CCOC3C2)cc1,1,26.89
O=c1nc2n(-c3ccc4c(c3)OCCO4)c3cc([N+](=O)[O-])ccc3cc-2c(=O)[nH]1,1,27.35
CS(=O)(=O)N1CCCC(C(=O)NCc2ccccc2Cl)C1,1,20.54
N=C(N)NS(=O)(=O)c1cccc(NC(=O)Cc2cccs2)c1,1,26.89
O=C1CN(C(=O)c2ccc3[nH]nc(Oc4ccc(OC(F)(F)F)cc4)c3c2F)CCN1,1,38.73
Fc1ccc(C(OCCC2CCN(Cc3ccc4ccccc4c3)CC2)c2ccc(F)cc2)cc1,1,19.92
O=C(NCC(c1ccco1)N1CCCC1)c1ccco1,1,20.19
Cc1nc2ccccc2c(=O)n1N=Cc1cccc([N+](=O)[O-])c1,1,20.95
CCN1CNS(=O)(=O)c2cc(C#N)ccc21,1,17.44
CC1(C(=O)NN=Cc2ccccc2Br)CC1c1ccc(Br)cc1,1,29.09
CCN(CC)Cc1cn2c(C)cnc2c2ccc(C(C)(C)O)cc12,1,36.44
CN=c1[nH]c(-c2ccccc2OC)cc(=NCc2ccccc2Cl)[nH]1,1,26.59
N=c1[nH]c(=N)c2nc(CNc3ccc(C(=O)NC(CCC(=O)O)C(=O)O)cc3)cnc2[nH]1,1,18.45
OCc1noc(-c2ccc(C(F)(F)F)cc2)n1,1,21.34
CN(C)CCCN1c2ccccc2Sc2ccc(Cl)cc21,1,15.98
CC(=O)c1ccc(N2CCN(S(=O)(=O)c3ccc(Oc4ccc(Cl)cc4)cc3)CC2)cc1,1,24.39
COc1cccc(N)c1OCC(O)CNCC(O)c1ccc(O)cc1,1,35.45
C=C1CCC2C(=C)C(C)CCC2(C)C1C=Nc1cccc(Cl)c1,1,36.61
Oc1ccc2ccccc2c1Cc1c(-c2ccccc2)[nH]c2ccccc12,1,20.32
Cc1ccc(-n2c(C)cc(C=Nn3cnnc3)c2OC(=O)c2ccccc2C)cc1,1,31.72
COc1cccc(-c2nccn2-c2cc[nH]c(=NCc3ccccc3)n2)c1,1,23.64
O=C(Nc1cccc(OC(F)F)c1)c1cc(Cl)cc(Cl)c1,1,23.31
CC(C(=O)OCc1ccccc1)N1c2ccccc2Sc2ccccc21,1,24.08
O=C(C1CCCC1)N1CCC2(CC1)CN(c1ccc3[nH]c(-c4ccccc4)nc3c1)C2,1,34.67
CC(C(=O)O)N1CCN(Cc2cccc(-c3cc(C#N)c(N4CCCC4)nn3)c2)CC1,1,40.14
CC(NC1C[N+]2(CCCCOc3ccc4ncc5ccccc5c4c3)CCC1CC2)C(=O)N(C)Cc1ccccc1,1,47.8
CCCn1c(=NC)[nH]c2ccc(Cl)cc21,1,22.71
CC1(C)CC(C)(C)N(c2cc(Cl)c(Cl)cc2Cl)C(NC(=O)c2cccnc2)=N1,1,33.31
O=C(c1cc2ccccc2[nH]1)N1CCC(c2nccn2Cc2ccccc2)CC1,1,24.97
CCCN(CCC)c1nc(N(C)Cc2ccccc2F)c2ncn(C)c2n1,1,30.45
CCCC1(C)OCC(=O)C(Cc2ccco2)C(=O)O1,1,29.05
N=c1ncn(CC2CCCCC2)c2nc(-c3ccncc3)[nH]c12,1,27.69
CC(C)C(=O)c1cn(CC2CCOCC2)c2ccc(OCc3ccc4cc(C(=N)N)ccc4c3)cc12,1,37.54
COc1cccc(CN(C)C(=O)Oc2ccc(O)cc2)c1,1,26.39
COc1ccc(CC(=O)NC(CSCc2ccccc2)C(=O)NCC(=O)O)cc1,1,26.46
O=Cc1c[nH]c2cc(OCCCCCOc3ccccc3)cc(O)c2c1=O,1,34.42
Cc1nc2ccc(S(=O)(=O)N3CCCC3)cc2s1,1,21.23
CCCCC(C=CC1C(C)C=C(C)CC1C(O)C(=O)N1CCOCC1)OC(N)=O,1,45.7
CC(C)CC1C(=O)N(Cc2cn(CC3CCCCC3)nn2)CCS(=O)(=O)N1Cc1ccc(-c2ccc(Cl)cc2)cc1,1,20.05
CC1(C(=O)Nc2ccc3c[nH]nc3c2)CCCCN1C(=O)Cc1ccccc1Cl,1,28.02
CC(C)(O)C1CCN(c2ccc(CNC(=O)c3cc(OCCN4CCC(O)CC4)ccc3Cl)cc2)CC1,1,42.1
CCC[n+]1ccccc1C=CC=C1N(CCCS(=O)(=O)O)c2ccccc2C1(C)C,1,26.52
CCS(=O)(=O)Nc1cc(C)ccc1-c1ccc(-c2ccc(N3CCN(C)CC3)cc2)s1,1,34.72
CCCc1c(OCC(=O)O)ccc2c1cc(C)n2C(=O)c1ccc(OCc2ccc3ccccc3n2)cc1,1,30.94
COc1ccc(C(O)c2c[nH]c(=O)[nH]c2=O)cc1OC,1,23.18
CCCN1C(=O)CSC2CCCCC21,1,23.17
c1ccc(CN2CC3CCC2CN3c2ccccn2)cc1,1,24.24
CC1(C)c2ccccc2-c2ccc(C3=NCCN3)cc21,1,21.8
COc1ccc(OC)c(N2C(=NC(=O)C(C)(C)C)SC3CS(=O)(=O)CC32)c1,1,25.44
[N-]=[N+]=CC(=O)C(COc1cccc2ncccc12)Cc1ccccc1Cl,1,42.17
CC(Cc1ccc(CCCc2cccc(-c3ccc(Cl)c(C(F)(F)F)c3)n2)cc1)C(=O)O,1,31.57
N=c1[nH]cnc2c1ccn2CCC(C(=O)N1CCC(=C2c3ccccc3CCc3cccnc32)CC1)N1Cc2cccc(N)c2C1=O,1,48.8
O=C(Nc1cccc(-c2nc3cccnc3[nH]2)c1)c1cc(Cl)cc(Cl)c1,1,26.31
Cc1cn(C2C=CC(Oc3c(C)c4ccc(Cn5ccc6ccc(C(F)(F)F)nc65)cc4oc3=O)C(O)O2)c(=O)[nH]c1=O,1,51.26
CCOC(=O)CCC(=O)C(CCCCN)NC(=O)C(N)CS,1,29.23
COC(=O)C(NC(=O)C1CCN(C(=O)C(NC(=O)OC(C)(C)C)C(C)C)C(=O)C1)C(C)C,1,32.45
C=CCCCCC1(O)c2cccc(O)c2C(=O)c2cc(C)cc(O)c21,1,30.47
CCCCCCc1c(C(C)=O)[n+]([O-])c2cc(C)c(C)cc2[n+]1[O-],1,26.43
CCNC(=O)CN1CC2CCCOC2C(N(C)Cc2noc(C(C)C)n2)C1,1,31.38
O=[N+]([O-])NC1=NCCN1CCCC1CCCCO1,1,24.52
CC1(C)CCCCC(CO)(COC(=O)NCCCn2ccnc2)C1,1,36.06
CS(=O)(=O)N1CCC2(CCN(Cc3ccccc3)C(=O)O2)CC1,1,25.8
Nc1sc(-c2c(F)cccc2F)nc1C(=O)Nc1cnccc1N1CCC(N)CC(N)C1,1,26.6
CC(C)C(NC(=O)Cc1cccc(C(=N)N)c1)C(=O)N1Cc2ccccc2CC1C(=O)NCc1ccccc1,1,37.26
CN(C)CCCN=c1c2c([nH]c3ccccc13)CCC2,1,18.9
NC(N)=NCCCCNC(=O)Cn1cc(COc2ccncc2)c2ccccc21,1,33.62
CCc1ccccc1NC(=O)CSc1nncs1,1,21.77
COc1ccc(C=C2C(=O)NC3(CCCCC3)C23CCC(OC)CC3)cc1,1,32.64
CN1CCN(c2ccc3[nH]c(C4CCCC4)nc3c2)CC1,1,22.5
CCOC(=O)N1CCC2=C(C1)Oc1ccc(OC)c3nc4c(-c5ccccc5)cc(-c5c[nH]c6ccc(Br)cc56)nc4c2c13,1,54.04
S=C(S)N1CCCC1,1,17.74
CCC(CCNC(=O)CCNC(=O)OC)c1ccccc1N1CCN(C(=O)C(C)Cc2ccc(Cl)cc2)CC1,1,41.83
CCCn1c(-c2ccc3c(c2)OCCO3)cnc1SC,1,26.12
O=C(NC1c2ccccc2-c2nc3ccccn3c(=O)c21)C(F)(F)F,1,27.23
COc1ccc(CC(=O)O)cc1-c1nccc2c1cc(-c1ccccc1)n2CC(=O)NCC(=O)O,1,43.64
CCN(CC)c1ccc(CNCc2coc(-c3ccccc3Cl)n2)cc1,1,22.73
CC1(O)CCC(CN(C(=O)c2ccc(N3CC(F)(F)C3)c(OCC3CC3)n2)C2CC2)C1,1,31.41
COc1c2c(c(C)c3c(=O)c(-c4ccc(F)cc4)coc13)NC(C)(C)C=C2C,1,30.68
CCCOCn1nnc2c(=O)nc(Cl)n(-c3ccccc3)c21,1,33.39
COC(=O)C(CC(C)C)NC(=O)Cc1ccc2[nH]cc(C(C)=O)c(=O)c2c1,1,35.01
CCCNC(=O)CN(CC1CC1)C(=O)C(C)(C)Cc1ccc(Cl)cc1,1,34.7
CC(=O)OCC12CCC3(C(C)(C)O)C(CCC4C5(C)CCC(O)C(C)(C)C5CCC43C)C1CCC(O)C2(C)C,1,30.79
Cc1ccccc1CC1(CO)CCCN(C(=O)CCN2CCOCC2)C1,1,26.29
CC12CC3OOC(n4cc(-c5cccnc5)nn4)(CC3c3ccccc31)C2,1,32.4
COC(=O)CSc1nnc(-c2ccncc2)o1,1,19.21
CC(C)(N)C(=O)NCCCNCCCCNCCCN,1,21.76
CCOc1ccccc1N1CCN(Cc2ccc(OCCN3C(=O)c4ccccc4S3(=O)=O)c(OC)c2)CC1,1,29.43
COc1ccc(C=C2CCCC(=Cc3cc(C)c([N+](=O)[O-])c(C)c3)C2=O)cc1,1,24.17
Brc1ccc(-c2nn(-c3ccccc3)cc2-c2nnco2)cc1,1,23.35
Cc1cccc(C=NNC(=O)CC(=O)NN=Cc2ccc(O)cc2)c1,1,25.79
O=C(NCCCl)OCc1ccccc1C(=O)Nc1ccc(S(=O)(=O)N2CCC3c4ccccc4CC32)cc1,1,49.3
CC(C)c1ccc(NC(=O)c2ccc(C(=O)NCC3CCN(CC(O)CO)CC3)cc2)cc1,1,29.07
CC1CCC2(C)CCC3(C)C(=CC(=O)C4C5(C)CCC(OC(=O)c6nn[nH]c6CCO)C(C)(C)C5CCC43C)C2C1C,1,40.04
Cc1cccc(N2CCC(N(C)Cc3noc(C4CC4)n3)CC2)c1,1,27.39
O=C(CCC1CCCCO1)N1CCc2cc(-n3cnnc3)ccc21,1,29.86
CN(C)c1nccc(-c2cc3c4c(sc3[nH]2)CC(C)(C)CC4=O)n1,1,30.27
COC(=O)c1ccc(OC)c(COc2ccc(N(C)C(=O)c3scnc3C)cc2)c1,1,33.5
O=C(COC(=O)c1cccc2c1C(=O)c1ccccc1C2=O)c1ccc([N+](=O)[O-])cc1,1,25.8
Cc1ccccc1NC(=O)CSc1nnc(-c2ccoc2C)o1,1,21.91
Oc1ccc2ccc(N=Cc3ccccc3O)cc2c1,1,26.23
COc1nc(OC)nc(-c2cc(C(=O)N(C)C)c[nH]c2=Nc2ccc(OC(F)F)nc2)n1,1,34.55
CCCCc1cc(C(=O)O)cc(OCCC)c1-c1conc1C,1,38.24
Cn1c(N2CCCC2)nc2c(-n3cnc(-c4cn[nH]c4)c3)cccc21,1,31.3
O=C(c1ccccc1Cl)N1CCCC2c3ccccc3CCC21,1,22.46
Cc1cc(C)c(C(=O)NCCC(=O)N(CC(C)C)C2CCCC2)cc1C,1,34.47
Fc1ccc(Br)cc1CSc1nc[nH]n1,1,22.97
Cc1[nH]nc2cc(CC(=O)N(C)C(CN3CCCC3)c3ccccc3)ccc12,1,29.13
COc1ccc2c(C)c(CCC(=O)NCCc3ccccc3)n(Cc3ccc(S(C)(=O)=O)cc3)c2c1,1,34.89
CC1CCN(CCCNC(=O)c2cc3cc(S(=O)(=O)NCCCN4CCCC4)ccc3o2)CC1,1,34.4
CCc1cc[n+]([O-])c(C#N)c1,1,22.83
COC(=O)C1C(C)=Nc2c(c(-c3cncn3C)nn2C)C1c1c(Cl)cccc1Cl,1,37.22
Oc1ccc2c(c1O)CCN(CCCC(CN1CCCCC1)c1ccc3c(c1)OCO3)CC2,1,43.13
CCCCC(C)(C)C=CC=CCCC(=O)O,1,25.23
O=C(c1sc(-c2ccccc2)nc1-c1ccccc1)N1CCN(S(=O)(=O)c2ccccc2)CC1,1,25.84
COc1ccc(-c2ccc(SCC(=O)N=c3[nH]nc(C)s3)nn2)cc1,1,21.95
O=C(CCc1ccc(O)c(O)c1)OCc1ccccc1,1,19.89
CCNC(=O)N1CCCN(C(=O)c2cc(Cc3n[nH]c(=O)c4c3CCCC4)ccc2F)CC1,1,24.6
O=C(NC1CC1)c1ccc2ccccc2c1,1,17.99
c1ccc2c(c1)c1c(c3ccccc32)OC(c2ccc(CN3CCCCC3)cc2)CO1,1,32.74
Cc1nccn1-c1ncsc1N1CCN(C(=S)NCc2cccnc2)CC1,1,31.35
COC(=O)N=c1[nH]nc(CCCCc2n[nH]c(=NC(=O)Cc3cccc(OC(F)(F)F)c3)s2)s1,1,27.15
O=C(NC1CCC(O)CC1)c1ccc(C(F)(F)F)cc1,1,21.06
CCNC(=O)C1=C(C[n+]2cccc(C(F)(F)F)c2)CSC2C(NC(=O)C(C)[n+]3csc(=N)[nH]3)C(=O)N12,1,42.5
CCOc1ccccc1OCC(O)CNCc1ccc(C)cc1,1,24.82
Cc1ccc(C(=O)NC2(c3ccccc3)CC2)cc1-c1cc(C)c(-n2nnnc2C)cn1,1,36.6
O=[N+]([O-])c1ccc(-c2cc(-c3ccccc3)n(-c3ccc(-c4nc5ccc(Cl)cc5s4)c(Cl)c3)n2)o1,1,38.34
CC(=O)N(c1ccccc1)c1nnc(SCc2ccccn2)n1-c1ccccc1,1,33.36
CCCS(=O)(=O)c1ccc2[nH]c(Oc3ccc(-c4cocn4)cc3)nc2c1,1,36.34
COc1cccnc1N(CC(=O)Nc1ccc2c(c1)OCO2)S(C)(=O)=O,1,29.8
O=C(NCCCCN=c1cc[nH]c2cc(Cl)ccc12)c1ccc(OCc2ccccc2)cc1,1,23.11
COc1cccc(C(O)NCC(=O)NCC(NC(=O)Cc2ccccc2)C(=O)NCC(=O)NCC#N)c1,1,47.5
O=c1oc2ccccc2c(Cl)c1C=NN=c1cc[nH]c2cc(Cl)ccc12,1,24.36
COc1cc(OC)cc(-c2nnc3c(n2)CCC2C3CC=C3CC(=O)C=CC32C)c1,1,36.64
ON=C(O)CCCCCCc1csc(-c2ccc(C(F)(F)F)cc2)n1,1,22.03
O=C(Nc1ccc(OC2CCN(Cc3ccc4c(c3)OCO4)CC2)c(Cl)c1)c1ccncc1,1,25.0
CCCCCCCCCCCC(=O)OC(c1ccccc1)C1CCCC1=O,1,28.64
CCNC(=O)C1OC(n2cnc3c(=N)[nH]c(=NN=C(C)C)[nH]c32)C(O)C1O,1,23.66
CCOC(=O)CN(CC)C(=O)c1ccco1,1,27.74
CC(C)c1nc2ccc(-c3ccc(C(N)=O)cc3)cc2n1-c1ccc(C(=O)c2nccn2C)cc1,1,37.66
Fc1cc(-c2ccc3c(cnc4nc(C(F)(F)F)cn43)c2)ccn1,1,32.49
CCc1cccc(N2C(N)=NC(N)=NC2(C)C)c1,1,17.1
Cc1cc(C(=O)N(Cc2ccccc2Cl)CC2CCOCC2)on1,1,30.09
Cc1ccc(NC(=O)Cn2c(=O)n(CC3CCCO3)c(=O)c3cccnc32)cc1S(=O)(=O)N(C)C,1,31.0
COc1ccccc1N(CC(=O)Nc1ccc(C#N)cc1)S(=O)(=O)c1ccc(F)cc1,1,26.78
C=C(C)c1cc(C)cc(=O)o1,1,23.43
COc1ccccc1NC(=O)c1cnc(SC)cc1-c1ccccc1,1,26.48
Cc1cc(N(C(=O)c2cccc(Cl)c2)C(C)c2ccc(Cl)cc2Cl)c(=O)[nH]c1C,1,38.3
C=CCNCCCCCCCCC#Cc1csc(=N)[nH]1,1,29.84
Fc1ccc(NCCCN2CCN(CCCN=c3cc[nH]c4cc(Cl)ccc34)CC2)cc1F,1,24.94
C=CC1CC2CC3C(C)(O)CCC(COC(C)=O)(C(O)C2=C)C13C,1,45.27
Fc1ccc2c(c1)CCn1ccnc1-2,1,20.89
Cc1cc(C)c(NC(=O)N(Cc2ccc(-c3cc(Cl)cc(C(=O)O)c3)cc2)C2CCCCCC2)c(C)c1,1,24.94
Cc1nc(=Nc2ccc(S(N)(=O)=O)cc2)[nH]c2ccc(Cl)cc12,1,24.84
CC(NC(=O)C(c1ccccc1)c1ccccc1)C(=O)Oc1ccc2oc(=O)ccc2c1,1,30.09
O=C(Cc1c(Cc2[nH]c(=S)[nH]c2O)nc(=S)n(-c2ccccc2)c1O)Nc1ccc(F)cc1,1,37.49
CCCCOC1CCN(c2cccc(F)c2)CC1CNC1CC1,1,34.1
Cc1ccc(S(=O)(=O)Oc2ccc(CC(NC(=O)OC3C4CC5CC(C4)CC3C5)C(=O)NCCOCCOCCN)cc2)cc1,1,35.74
O=C(CCc1nc2c3ccccc3nc(SCc3ccccc3F)n2c1O)NCc1cccs1,1,25.17
CC12SCC(C(=O)OCc3cccc(C(F)(F)F)c3)N1C(=O)C2CSc1ncccn1,1,34.07
FC(F)(F)c1cnc2cc(C(F)(F)F)ccc2c1,1,24.12
Cc1nc2ccccc2c2[nH]cnc(=Nc3cccc(Br)c3)c12,1,24.14
CCN(CCO)C(=O)c1cn(C)c2c(F)cc(F)cc2c1=O,1,30.61
COc1ccc(S(=O)(=O)NCCC(=O)NC2CCCC2)c(OC)c1,1,27.84
COc1ccc(Cl)cc1C(=O)Nc1ccccc1OCCCNCc1ccccc1,1,29.49
CCOc1ccc(NC(=O)CCc2nnc(-c3nc(-c4ccc(Cl)cc4)cs3)n2-c2ccccc2F)cc1,1,38.3
Cn1c(Cc2ccccc2F)nnc1SCCC(=O)Nc1ccccc1,1,29.52
CC1(O)CC2=C(C(O)C1O)C1CC3=CCC4CC(=O)CCC4(C)C3C1OC2,1,44.58
CCC(=O)NCC(=O)Nc1ccccc1Sc1ccccc1,1,24.18
O=C(O)CC1c2ccccc2-c2ccccc21,1,18.53
CC(C)(C)C(CC(=O)O)NC(=O)C(S)CO,1,31.35
CC(C)(NC(=O)c1ccc(-n2ccnc2)cc1)c1nc(-c2ccccc2Br)no1,1,33.06
CC(C)=NN=c1[nH]c2c(ccc3ccccc32)c(=O)n1-c1ccccc1,1,25.6
N=C1COc2ccccc2CN1,1,21.26
C(=Nc1ccccc1)c1ccc(-c2ccccc2)o1,1,19.21
Cn1ncc(N2CCCC(C(=O)NCc3c(F)cccc3Cl)C2)cc1=O,1,26.62
OCCn1cnc2c(=Nc3cccc(Cl)c3)[nH]c(=NCCN3CCOCC3)[nH]c21,1,25.32
COC(=O)N(CCc1ccccn1)Cc1c(-c2ccccc2)nc2ccccc2c1CO,1,33.35
C=CCn1c(=NCC)[nH]c2c(c1=O)CCCC2=Cc1ccc(O)cc1,1,25.95
O=C(Nc1cccc(-c2cnc3c(N4CCOCC4)nccn23)c1)c1cc(C(F)(F)F)cc(C(F)(F)F)c1,1,27.01
O=C(O)CNC(=O)C1CCN(CC(c2ccccc2)c2ccccc2)CC1,1,25.27
CCCCCCCCCCN1CCN(Cc2ccc(F)cc2)CC1C(=O)O,1,29.58
CN(C)CCCNC(=O)CSc1nnc(-c2ccc(F)cc2)o1,1,25.56
CC(C)(C)NC(=O)C1(c2ccc(Cl)c(Cl)c2)CCN(CCC(COC(N)=O)c2ccc(Cl)c(Cl)c2)CC1,1,33.34
COC(=O)c1ccc(N2CCCC(C(=O)NC3CCCC3)C2)c(NCc2ccccc2Cl)c1,1,34.27
CC(C)(C)CCN1C(=O)C(NC(=O)Nc2ccc(Cl)c(C(F)(F)F)c2)C(=O)N(CC=O)c2ccccc21,1,30.84
Cc1cc(C)c(C(=O)C(C)OC(=O)c2cn(-c3ccccc3)nc2-c2ccc(OC(F)(F)F)cc2)c(C)c1,1,37.88
O=c1c(O)c2ccc(F)c(F)c2c2n1CCC1(CCC(CO)(CO)S1)C2,1,52.16
COc1ccc2c(c1)C(=O)C(=Cc1cccc(Cl)c1)C2,1,21.29
CC12CCC(O)CC1=CCC1C2CCC2(C)C(C(=O)CO)CCC12,1,20.87
O=C(CC1(O)CCCCC1)NC1CCC(CCN2CCC(c3c[nH]c4ccccc34)CC2)CC1,1,23.33
COc1ccc(C2=NC(=Cc3ccc(OCC(N)=O)cc3)C(=O)O2)cc1,1,22.23
COc1ccc2c(c1O)CCCCC2c1cc(OC)c(OC)c(OC)c1,1,21.97
COC(=O)CCC=CCC(=O)CCCC(=O)OC,1,29.45
CN(C)CCCOc1c(-c2ccccc2)[nH]c2ccc(C#N)cc12,1,24.61
CC1(C)Cc2nc(N3CCN(Cc4ccccc4)CC3)sc2C(=O)N1,1,21.02
Cc1ccc(CCNC(=O)C2NC3(CCCCC3)C3(C(=O)Nc4ccc(F)cc43)C2c2cccc(Cl)c2F)cc1F,1,37.39
CC1(C)C=Cc2cc(CNC3CCCCC3)ccc2O1,1,21.6
CC(C)N1CCc2c(ccc(NC(=O)c3c(F)cccc3F)c2C2=CCCCC2)C1,1,35.67
CCCCCCCCCCCn1cc(CNC2C(O)C(O)C(O)C(O)C2O)nn1,1,21.34
Cc1c(O)oc2c1C1(C)CCC3(O)C(C=CCC3(C)C)C1CC2,1,35.84
Cc1cc(N2CC3CC2CN3)ccc1N=c1nc2c(c[nH]1)CCN2CC1CCCCCC1,1,37.45
O=c1c2cc(F)c(N3CC4CCCNC4C3)cc2[nH]n1-c1ccccc1,1,26.37
NC1CCc2cc(OC(=O)c3cccc4ccccc34)ccc21,1,29.78
O=[N+]([O-])c1cccc(S(=O)(=O)N(CCc2ccccc2)Cc2cc3ccccc3o2)c1,1,28.54
CC(=O)c1cn(CC(=O)Nc2cc(Cl)ccc2C)c2ccccc12,1,25.34
Cc1c(C(=O)Nc2ccccc2)oc2cccc(OCCCNCc3ccc(N(C)C)cc3)c12,1,30.58
Fc1ccc2cc(CN3CC(N4CCC(c5cccnc5)C(F)(F)C4)C3)ccc2c1,1,40.78
N=c1ccn(C2OC(CF)C(O)C2O)c(=O)[nH]1,1,20.32
Cc1ccc(CNC(=O)c2nc(-c3ccccc3Cl)oc2C)cc1,1,26.44
Nc1cc(=O)[nH]c(=O)n1Cc1ccccc1,1,16.54
Cn1cc(O)c(-c2ccc(O)c([N+](=O)[O-])c2)c1O,1,26.22
Cc1cc(=O)n(CC(=O)NCc2ccccc2)c2c1c(C)nn2-c1ccccc1,1,21.7
CCN(C1CCN(C)CC1)S(=O)(=O)c1ccc(C(=O)Nc2ccc(Cl)cc2)cc1,1,28.2
Oc1cccc(Cl)c1-c1c(Cl)sc(Cl)c1Cl,1,29.07
CCc1ccc(N=c2[nH]cnc3sc(-c4ccccc4)cc23)cc1,1,22.54
COc1cccc(Cl)c1-c1csc(=NC(=O)c2sccc2S(=O)(=O)N=c2cco[nH]2)[nH]1,1,40.54
CCCCCCC1OC(C(=O)OCC)C1=O,1,24.34
CCc1noc(C23CCN(CC2)CC3)n1,1,21.21
C[N+]12CC=CC3CCCC4(OC4C1)C32O,1,33.55
O=C(O)c1c[nH]c2c(C(=O)O)cc(F)cc2c1=NC1CCN(c2cccc(C(F)(F)F)c2)CC1,1,36.04
Cc1ncccc1-c1cccc(NC(=O)Nc2ccc(C(C)C)cc2)c1,1,28.81
Cc1ccc(S(=O)(=O)NC(Cc2ccccc2)C(=O)NCc2ccco2)cc1,1,23.33
CN1CCC(N(C)C(=O)c2ccccc2Sc2ccc(F)cc2)CC1,1,26.05
CCCCCCCCCCNC1CC(CO)(C2C(=O)N(C)NC23C=CCC3CO)CC1O,1,57.17
CCN(CC)c1ccc(C=Nc2cccc(NC(=O)c3ccc(-c4ccccc4)cc3)c2)c(O)c1,1,26.28
Cc1nn(-c2ccccc2)c2cc(=NC(=O)C(Cc3ccc(F)c(F)c3)N(C)C)[nH]cc12,1,35.34
O=C(Nc1ccc(S(=O)(=O)N=c2[nH]ccs2)cc1)c1ccc2c(c1)OCO2,1,21.04
CCCCCCc1nc2c3cccc(C)c3n(C)c2c(=O)n1C,1,31.24
Cc1cc(OCC(=O)N2CCN(CCc3ccncc3)CC2)ccc1Cl,1,20.94
CC(CCc1ccccn1)NC(=O)C1CCCc2c[nH]nc21,1,35.67
CC(C)(C)c1ccc(-c2csc(=NC(=O)Cc3sc(=S)n(Cc4ccccc4)c3O)[nH]2)cc1,1,27.14
CCOC(=O)C1(C)CCCN(C(=O)c2cccc(Sc3cccnc3)c2)C1,1,35.04
COc1cc(-c2cc3c(=N)[nH]cnc3o2)ccc1OC(C)C,1,28.44
O=CNCCCCCCCOc1ccc(Oc2ccccc2)cc1,1,25.94
COc1ccc(CCNC(=O)CCCN2C(=O)c3cccc4cccc(c34)C2=O)cc1OC,1,20.04
c1cc2nc3c(cn2c1)CC1CNCCN31,1,26.39
Cc1ccc(F)c(NC(=O)Nc2ccc(OCc3ccc(S(=O)(=O)Oc4ccccc4)cc3)cc2)c1,1,37.07
N#Cc1cccc(CN2CCCC(CNC(=O)c3cccc(N4CCNCC4)c3)C2)c1,1,29.62
Clc1ccc(NN=Cc2ccncc2)cc1,1,17.51
CSc1ccc(OCCNCCC(C)C)cc1,1,21.99
O=C(O)CCCC(=O)Nc1ccc(C(=S)N2CCCCCC2)cc1,1,27.21
CN1CC=c2c(c(O)c3ncccc3c2=CN2CC(=O)N=C2c2cccnc2)C1=O,1,44.03
N#CCc1cccc(C(CCN)c2nc3ccccc3n2Cc2ccc(-c3cccs3)cc2)c1,1,48.51
COC(=O)c1ccc(-c2n[nH]c(=NC(=O)C(c3ccccc3F)n3c(C(=O)O)cc4cc(F)ccc43)s2)cc1,1,51.7
